"[49.3179514, -124.3117397]","Parksville, BC",2019-12-04 17:02:37,Andrew Smith,b'RT @Emilyfo04914299: This is a mild description! Trudeau back stabbed Trump during the NAFTA deal once he left Ottawa and now he behaves li\xe2\x80\xa6'
"[53.5762678, -113.1255397]","Strathcona County, Alberta",2019-12-04 17:02:37,Father_Jim_1.6,b'Send in the pacifiers... I mean trade negotiators. #trump #Trudeau\n\nhttps://t.co/9dV9Vtiqvg'
"[32.7762719, -96.7968559]","Dallas, TX",2019-12-04 17:02:37,Tamara üòé,"b'RT @Marlene45MAGA: ""Last December America became a net exporter of oil for the first time in\xc2\xa075 years,\xc2\xa0and now for the first time, we\xe2\x80\x99re th\xe2\x80\xa6'"
"[42.5834228, -71.8022956]","Fitchburg, MA",2019-12-04 17:02:37,Sentinel&Enterprise,"b""The House Judiciary Committee's first impeachment hearing quickly burst into partisan infighting Wednesday as Democ\xe2\x80\xa6 https://t.co/RXk4ekQHV6"""
"[32.7174209, -117.1627714]","San Diego, CA",2019-12-04 17:02:36,Richard Chanon,"b'RT @ABC: Stanford Law School\'s Pamela Karlan: ""The Constitution of the United States does not care whether the next President of the United\xe2\x80\xa6'"
"[37.7792808, -122.4192363]",San Francisco,2019-12-04 17:02:36,#SheIsMyPresident üç©,"b'RT @kylegriffin1: EISEN: ""What\'s the danger if Congress does not respond to [Trump\'s] attempt?""\nKARLAN: ""Well, we\'ve already seen a little\xe2\x80\xa6'"
"[43.4849133, -71.6553992]","New Hampshire, USA",2019-12-04 17:02:36,Robyn Anthony,"b'RT @threadreaderapp: @DHTRKBA Hi, there is your unroll: Thread by @CarpeDonktum: An Idiots Guide to Response on Political Twitter A thread.\xe2\x80\xa6'"
"[44.6878216, -63.2692852]",CA Desert,2019-12-04 17:02:36,Faby,"b'RT @TheDailyEdge: Prof. Pamela S. Karlan makes clear that absolving Trump for his impeachable acts signals the @GOP has no interest in ""a f\xe2\x80\xa6'"
"[42.3130746, -89.0614954]","Loves Park, IL",2019-12-04 17:02:36,Terrell D. Lewis,"b'RT @funder: One thing is clear from this hearing: Trump should absolutely, without a doubt, be impeached and removed immediately. Trump has\xe2\x80\xa6'"
"[40.7127281, -74.0060152]","New York, USA",2019-12-04 17:02:36,Lila Fowler üéÄ,b'RT @TheDweck: nothing is good so let\xe2\x80\x99s all take a moment to appreciate that even this man was laughing at Trump https://t.co/jDHO5mZoNC'
"[30.2396865, -81.3856384]","Ponte Vedra Beach, FL",2019-12-04 17:02:36,Floridians for Trump,"b'RT @RepLeeZeldin: Congrats to the professors who won the Dems\xe2\x80\x99 nationwide talent search for the most elitist, unhinged anti-Trump professor\xe2\x80\xa6'"
"[40.9637919, -72.1851729]","East Hampton, NY",2019-12-04 17:02:36,Gene stevens,"b'RT @RepLeeZeldin: Congrats to the professors who won the Dems\xe2\x80\x99 nationwide talent search for the most elitist, unhinged anti-Trump professor\xe2\x80\xa6'"
"[-113.71368, 53.395531]","Edmonton, Alberta, Canada",2019-12-04 17:02:36,Ronni  Gordon,b'@ShayeGanam Trump and Trudeau same as Bert and Ernie?? But the puppets are smarter and better looking \xf0\x9f\x98\x82\xf0\x9f\x98\x82\xf0\x9f\x98\x82'
"[1.3104654, 103.9235132]",East Coast,2019-12-04 17:02:36,Amy,b'RT @DanRather: With President Trump in Europe the world may be laughing but it\xe2\x80\x99s not amused.'
"[43.9792797, -120.737257]",Oregon,2019-12-04 17:02:36,Frank Biggs - Cobra,b'1st Amendment is now threaten by The Democratic Socialist Party Members! https://t.co/UEjN5P2fs1'
"[43.9792797, -120.737257]",Oregon,2019-12-04 17:02:36,HORSEFEATHERS ‚≠êÔ∏è‚≠êÔ∏è‚≠êÔ∏è,"b""RT @GOPLeader: Democrats still don't get it\xe2\x80\x94they are pushing ahead with impeachment based on opinions from liberal law professors from coas\xe2\x80\xa6"""
"[39.7837304, -100.4458825]",USA,2019-12-04 17:02:36,Johnny‚Äôs Angel üòá (Marsha),b'RT @marklevinshow: Framers were greatly concerned House would go rogue with impeachment \nhttps://t.co/x1D6jmiXdm'
"[40.7127281, -74.0060152]","New York, NY USA",2019-12-04 17:02:36,Scott Strumello,"b'RT @axios: WATCH: The three legal scholars that Democrats called to testify were ""unanimous"" in their assessments that Trump committed impe\xe2\x80\xa6'"
"[30.2711286, -97.7436995]","Austin, TX",2019-12-04 17:02:36,Ralph Baldwin,"b'RT @HeidiNBC: First witness, Harvard const. law scholar Noah Feldman offers his conclusion off the top:\n\n\xe2\x80\x9cPresident Trump has committed imp\xe2\x80\xa6'"
"[30.1734194, -95.504686]","The Woodlands, TX",2019-12-04 17:02:36,Jesse McLen,"b'@mayawiley As a legal idiot, I think the gist of the testimony is pretty clear. For all but the most loyal of Trump\xe2\x80\xa6 https://t.co/pNBEadtRvq'"
"[52.7954791, -0.540240286617432]","England, United Kingdom",2019-12-04 17:02:36,Colin #UniteToRemain #VoteTactically,b'RT @JoyAnnReid: Prof Gerhardt: if this (what Trump did in demanding dirt and self-serving investigations from a foreign power to help secur\xe2\x80\xa6'
"[41.7962409, -71.5992372]",Rhode Island,2019-12-04 17:02:36,Jisep,"b'RT @Education4Libs: I just read the Dems\xe2\x80\x99 impeachment report.\n\nIt said, \xe2\x80\x9cWe\xe2\x80\x99re still mad at Trump for winning the 2016 election &amp; we know w\xe2\x80\xa6'"
"[39.7837304, -100.4458825]",United States,2019-12-04 17:02:36,Easy Does It,"b'RT @kylegriffin1: EISEN: ""What\'s the danger if Congress does not respond to [Trump\'s] attempt?""\nKARLAN: ""Well, we\'ve already seen a little\xe2\x80\xa6'"
"[39.7837304, -100.4458825]",United States,2019-12-04 17:02:36,Sylvia Garcia üá∫üá∏ üáµüá∑,b'@SpeakerPelosi\n@TeamPelosi\nWhile Dems continue their hateful and stupid attacks against @POTUS\nwe are opening our e\xe2\x80\xa6 https://t.co/MTTAEyFERq'
"[32.9715645, -89.7348497]",MS,2019-12-04 17:02:36,Lew T ~ŒúOŒõŒ©Œù ŒõŒëŒíŒï~ ‚≠êÔ∏è‚≠êÔ∏è‚≠êÔ∏è,"b""RT @RepMarkMeadows: In case you were inclined to believe the Democrats' suggestion that their witnesses are unbiased, here's one of them\xe2\x80\x94No\xe2\x80\xa6"""
"[39.1670396, -86.5342881]","Bloomington,IN",2019-12-04 17:02:36,Nathan M.,"b'RT @B52Malmet: If the clear and present danger that a free and fair election is unlikely in November, then Trump has successfully gone out\xe2\x80\xa6'"
"[33.5598586, -81.721952]","Aiken, SC",2019-12-04 17:02:36,Stephen Justice,"b'RT @prayingmedic: 29) ""The Justice Department\xe2\x80\x99s inspector general is expected to sharply criticize lower-level F.B.I. officials as well as\xe2\x80\xa6'"
"[33.1506744, -96.8236116]","Frisco, TX",2019-12-04 17:02:36,Back2Blue,"b'RT @MysterySolvent: Trump tweeted,\n\xe2\x80\x9c....When today\xe2\x80\x99s meetings are over, I will be heading back to Washington. We won\xe2\x80\x99t be doing a press con\xe2\x80\xa6'"
"[38.8948932, -77.0365529]","Washington, DC",2019-12-04 17:02:36,Eric Phillips,"b'RT @keithboykin: Republican witness Jonathan Turley asks ""where will you stand"" when the wind blows again for a Democratic president to be\xe2\x80\xa6'"
"[11.164548, -60.7846386]",world citizen,2019-12-04 17:02:36,lonewolf,"b'RT @CAPAction: .@NormEisen: ""Did [Trump] commit the impeachable high crime and misdemeanor of abuse of power?""\n\nFELDMAN: ""Based on that evi\xe2\x80\xa6'"
"[36.7014631, -118.7559974]","California, USA",2019-12-04 17:02:36,Jenny,b'RT @ericgarland: The only reason for the GOP to be so desperate in obstructing this investigation into Trump seems to be that their crimes\xe2\x80\xa6'
"[38.8948932, -77.0365529]","Washington, USA",2019-12-04 17:02:36,David,b'RT @JoyAnnReid: Prof Gerhardt: if this (what Trump did in demanding dirt and self-serving investigations from a foreign power to help secur\xe2\x80\xa6'
"[25.7742658, -80.1936589]","Miami, FL",2019-12-04 17:02:36,Catalina Sinsenos,"b'@stouffshoe2 @dreweturner @MSNBC Metal illness, huh? Is your degree from Trump University?'"
"[56.7861112, -4.1140518]","Scotland, United Kingdom",2019-12-04 17:02:36,Defiant Ms.E,"b""RT @SethAbramson: What Turley just did is gaslight America, telling those of us seeking to uphold rule of law that we're just acting hyster\xe2\x80\xa6"""
"[34.0536909, -118.2427666]","Los Angeles, CA",2019-12-04 17:02:36,LA-X,"b'RT @ewarren: Donald Trump is pushing out talented diplomats, hollowing out the State Department, and appointing his own donor buddies to be\xe2\x80\xa6'"
"[33.6795519, -116.176338]",L.A. & Coachella Valley,2019-12-04 17:02:36,#NeverTrump üçë  ézzI - Here right matters!,"b'RT @kylegriffin1: Prof. Noah Feldman: ""President Trump\'s conduct described in the testimony and evidence clearly constitutes an impeachable\xe2\x80\xa6'"
"[31.8160381, -99.5120986]","Texas, USA",2019-12-04 17:02:36,Clif Garrettüá∫üá∏üáÆüá±,b'RT @ouchinagirl: Major anti-@realDonaldTrump stunt FAILS in critical swing states\n\nObama &amp;SOROS don\xe2\x80\x99t have much to give thanks for this hol\xe2\x80\xa6'
"[41.8755616, -87.6244212]","Chicago, IL",2019-12-04 17:02:35,Brian McCamey,b'RT @WayChic: Oh HELL no! https://t.co/f73eVDwCym'
"[22.34921555, 114.185797810004]",HongKong,2019-12-04 17:02:35,ŸÇÿØÿ±ÿ™ ⁄Ü€åŸÜ€å,b'@washingtonpost Putin just loves the way of Trump is'
"[43.6211955, -84.6824346]",Michigan,2019-12-04 17:02:35,Jacqueline,"b""RT @briantylercohen: Guess who now has a clear schedule to be Trump's worst nightmare on the Senate Judiciary Committee."""
"[43.6211955, -84.6824346]","Michigan, USA",2019-12-04 17:02:35,Sue Annear,b'RT @Lrihendry: Gossiping &amp; backstabbing world leaders angry because the president calling them out for not paying their fair share! \n\nPresi\xe2\x80\xa6'
"[61.0666922, -107.9917071]",Canada,2019-12-04 17:02:35,Canada Connie Resists,"b'RT @NewsHour: WATCH: Stanford Law professor Pamela Karlan says she is ""insulted"" over Rep. Doug Collins\' suggestion that she wouldn\'t care\xe2\x80\xa6'"
"[40.3468736, -79.7767449]",Ca/Wisc,2019-12-04 17:02:35,Deplorable KG,b'RT @RepMarkMeadows: Democrats are holding a national T.V. hearing to ask three liberal law professors why President Trump should be impeach\xe2\x80\xa6'
"[51.4392419, -0.0530903]","Forest Hill, London",2019-12-04 17:02:35,Chris Bailey üè≥Ô∏è‚Äçüåàüî∏üï∑üá™üá∫ #FBPE,"b'RT @MikeAmesburyMP: Drug prices, UK vs USA\n\n\xf0\x9f\x92\x89 Insulin\n\xf0\x9f\x87\xac\xf0\x9f\x87\xa7 \xc2\xa316.61 \xf0\x9f\x87\xba\xf0\x9f\x87\xb8 \xc2\xa3215.30\n\xf0\x9f\x94\xba 1300%\n\n\xf0\x9f\xa5\x9c Epipen 300mg\n\xf0\x9f\x87\xac\xf0\x9f\x87\xa7 \xc2\xa352.90 \xf0\x9f\x87\xba\xf0\x9f\x87\xb8 \xc2\xa3523\n\xf0\x9f\x94\xba 1000%\n\n\xf0\x9f\x92\x93 Statin 10mg\xe2\x80\xa6'"
"[33.0186103, -117.0610495]","Rancho Bernardo, San Diego",2019-12-04 17:02:35,Camtini,"b""RT @GOPLeader: Democrats still don't get it\xe2\x80\x94they are pushing ahead with impeachment based on opinions from liberal law professors from coas\xe2\x80\xa6"""
"[51.5073219, -0.1276474]","London, England, Europe",2019-12-04 17:02:35,judi rayner üî∂üá™üá∫üé™üï∑Ô∏è,"b""RT @Haggis_UK: #skynews - You were seen having a joke at Donald Trump's expense.. do you not take President Trump seriously?\n\nBoris Johnson\xe2\x80\xa6"""
"[34.2006503, -86.1663655]","Boaz, Alabama",2019-12-04 17:02:35,Richard L. Fricks,"b'RT @funder: Professor Karlan just called out Doug Collins for his lies, then made it clear while staring at him that Trump abused his power\xe2\x80\xa6'"
"[32.7876012, -79.9402728]","Charleston, SC",2019-12-04 17:02:35,CharlestonCovfefeCard,"b'RT @RepLeeZeldin: Congrats to the professors who won the Dems\xe2\x80\x99 nationwide talent search for the most elitist, unhinged anti-Trump professor\xe2\x80\xa6'"
"[-27.8632387, -54.4612158]",Central California ,2019-12-04 17:02:35,Happy Trumpster,"b""RT @GOPLeader: Democrats still don't get it\xe2\x80\x94they are pushing ahead with impeachment based on opinions from liberal law professors from coas\xe2\x80\xa6"""
"[31.8160381, -99.5120986]",Texas,2019-12-04 17:02:35,Sheepdog Smokey,"b'@M2Madness @Lovemypresiden4 @AndrewYang and every other Dem out there SCREAMS about how everything Trump does is ""u\xe2\x80\xa6 https://t.co/cNkQrqFjsB'"
"[43.0020919, -89.423817]","Fitchburg, WI",2019-12-04 17:02:35,Jean M. O'Brien,"b'RT @CBSNews: Prof. Gerhardt: ""If what we\'re talking about is not impeachable, then nothing is impeachable. This is precisely the misconduct\xe2\x80\xa6'"
"[50.6402809, 4.6667145]",Belgi√´,2019-12-04 17:02:35,Shwani ‚ù§üíõüíö,"b""RT @FloracBosch: Trump does not yet understand that Erdogan's party AKP is a version of Muslim brotherhood. That way it is apolitical and b\xe2\x80\xa6"""
"[50.8436709, 4.36743669338796]","Brussel, Belgi√´",2019-12-04 17:02:35,pruckler,b'RT @ladyhaja: The Queen chastising Princess Anne for not greeting Trump and Anne not giving a single shit is the mood we all need to take i\xe2\x80\xa6'
"[43.653963, -79.387207]",Toronto,2019-12-04 17:02:35,Darlah Potechin,b'The name calling bully like a child that never learned. Wonder what the history books will say about him. https://t.co/9J5LLXhTPu'
"[34.2331373, -102.4107493]",EARTH,2019-12-04 17:02:35,CynicalVisionary,"b""RT @politicususa: Impeachment Report Makes It Clear: Devin Nunes Was A Key Player In Trump's Ukraine Scheme https://t.co/9qpr7za2AA via @po\xe2\x80\xa6"""
"[51.5073219, -0.1276474]","London, England",2019-12-04 17:02:35,@DrStargazerette‚ö´üáÆüá≥üá©üá™üá™üá∫üè¥Û†ÅßÛ†Å¢Û†Å∑Û†Å¨Û†Å≥Û†Åøüá¨üáß,b'RT @Independent: Boris Johnson refuses to rule out no-deal Brexit and abruptly ends press conference https://t.co/XbhOoQiujC'
"[43.6211955, -84.6824346]","Michigan, USA",2019-12-04 17:02:35,Rosemary Lesher,b'@ABC And all these liberals just spewing out these same lies over and over. Trying to make the American people beli\xe2\x80\xa6 https://t.co/1cwRpPCkVn'
"[39.7837304, -100.4458825]",United States,2019-12-04 17:02:35,BUYTHISBOOK,b'RT @HouseJudiciary: .@RepJerryNadler: the storm in which we find ourselves today was set in motion by President Trump.  I do not wish this\xe2\x80\xa6'
"[42.9744081, -87.8709308]","Saint Francis, Wisconsin",2019-12-04 17:02:35,Mark Latiker,"b'RT @PalmerReport: Donald Trump\xe2\x80\x99s day so far:\n\n- Bails on NATO summit early after Macron, Trudeau, Johnson and Princess Anne mock him\n- What\xe2\x80\xa6'"
"[37.1232245, -78.4927721]","Virginia, USA",2019-12-04 17:07:23,ü§∑‚Äç‚ôÇÔ∏è,"b'RT @TheHusayn: The British Racist Leader, The Canadian Racist Leader and The French racist Leader app walk into a summit. Who cracks the fi\xe2\x80\xa6'"
"[51.4538022, -2.5972985]",Bristol,2019-12-04 17:07:23,Paul Duckett,"b'RT @JimMFelton: Trump just said ""I don\'t know Prince Andrew, but that\'s a tough story, it\'s a very tough story, I don\'t know""\n\nHere he is n\xe2\x80\xa6'"
"[51.4538022, -2.5972985]","Bristol, England",2019-12-04 17:07:23,Aozora,"b'RT @funder: One thing is clear from this hearing: Trump should absolutely, without a doubt, be impeached and removed immediately. Trump has\xe2\x80\xa6'"
"[46.7985624, 8.2319736]",Switzerland,2019-12-04 17:07:22,Chrissie Z,"b""RT @LVNancy: President Trump doesn't give AF. \nTells Macron he'll give him more isis fighters \xf0\x9f\x98\x82\n\nNOTHING, not #impeachment, not these littl\xe2\x80\xa6"""
"[39.7837304, -100.4458825]",United States,2019-12-04 17:07:22,Gina9000‚≠ê‚≠ê‚≠ê,"b'RT @ScottHendrick49: LESSON NOT LEARNED: Trudeau, Johnson, Macron appear to be mocking Trump in video -- So soon they forget that they who\xe2\x80\xa6'"
"[25.1446897, 67.1847767315734]","Karachi, Pakistan",2019-12-04 17:07:22,Muniba Kamal,b'RT @guardian: World leaders appear to joke about Trump at Nato summit https://t.co/miqGVlkewT'
"[43.6211955, -84.6824346]","Michigan, USA",2019-12-04 17:07:22,slimshadysee,b'RT @mitchellreports: Law Prof Noah Feldman says the evidence shows Pres. Trump has committed impeachable high crimes and misdemeanors by co\xe2\x80\xa6'
"[43.850374, -79.024658]","Ajax, Ontario ",2019-12-04 17:07:22,‚Ä¢ young hugh hefner ‚Ä¢,b'RT @6ixbuzztv: Prime Minister Justin Trudeau and other foreign leaders have been caught on camera apparently talking candidly about U.S. Pr\xe2\x80\xa6'
"[37.9723339, -81.1487136]","Oak Hill, WV",2019-12-04 17:07:22,Jesse.  Trump2020.,b'RT @charliekirk11: I thought Democrats were going to impeach Trump for bribery?\n\nBut the Schiff impeachment report makes no mention of brib\xe2\x80\xa6'
"[31.8160381, -99.5120986]",Texas,2019-12-04 17:07:22,Vickster‚≠ê‚≠ê‚≠ê üá∫üá∏,b'RT @MichaelMAGAUSN: \xe2\x80\x9cChairman Schiff and the Democrats utterly failed to produce ANY EVIDENCE of wrongdoing by President\xc2\xa0Trump. This report\xe2\x80\xa6'
"[14.5906216, 120.9799696]","Manila, Philippines",2019-12-04 17:07:22,Isa-Teresa,b'\xf0\x9f\xa4\xa3 \nWorld Leaders Were Caught On Video Apparently Mocking Trump At The NATO Summit https://t.co/4EERuLQDGC'
"[35.8376958, 128.5575166]",the world,2019-12-04 17:07:22,Fresh E. Chelle,"b'@tedlieu @POTUS Nope, good for her exercising her free will. Trump and Melania have not earned her respect.'"
"[37.1232245, -78.4927721]",Virginia,2019-12-04 17:07:22,Sujatha Hampton,"b'RT @JudyWoodruff: ""the Constitution only cares about whether we have free elections...it doesn\'t care whether President Trump or any of the\xe2\x80\xa6'"
"[40.0757384, -74.4041622]","New Jersey, USA",2019-12-04 17:07:22,Jazzey1,b'RT @DeanObeidallah: Trump supporters keep claiming I want trump impeached and removed because I hate him. Actually I want trump impeached a\xe2\x80\xa6'
"[37.1232245, -78.4927721]",Virginia,2019-12-04 17:07:22,Celtic Warrior,b'RT @CCM1956: Spartacus is upset that Harris is out and says it was due to her skin color-NO IT WAS NOT-she lacked the qualifications to be\xe2\x80\xa6'
"[-1.2832533, 36.8172449]","Nairobi, Kenya",2019-12-04 17:07:22,Nelson Kimaiga,b'RT @AJEnglish: NATO leaders appear to mock Trump at a Buckingham Palace reception. https://t.co/QvoIzKHh9h'
"[39.7837304, -100.4458825]",USA,2019-12-04 17:07:22,Guns&Sandwitches,"b'RT @RadioFreeTom: This will seem strange coming from me, but having a group of professors explain why Trump is impeachable does not add ver\xe2\x80\xa6'"
"[-33.8548157, 151.2164539]",Sydney Australia,2019-12-04 17:07:22,#Rodii,b'RT @GabeHoffman3: That was actually a pretty slick burn for them to show the clip of Donald Trump declaring he can do whatever he wants as\xe2\x80\xa6'
"[39.9527237, -75.1635262]","Philadelphia, PA",2019-12-04 17:07:22,Mindy Bogue üóΩ,"b'RT @girlsreallyrule: Prof. Pamela Karlan: ""The Constitution of the U.S. does not care whether the next president of the U.S. is Donald J. T\xe2\x80\xa6'"
"[51.120751, -114.010572342962]",yyc las,2019-12-04 17:07:22,Denise Henwood,"b'RT @HeidiNBC: All 4 const. law experts, even Turley, agree impeachment does NOT require a ""statutory crime.""\n\nEisen also cites Turley\'s rec\xe2\x80\xa6'"
"[36.7014631, -118.7559974]","California, USA",2019-12-04 17:07:22,Ann,b'RT @MrX_: @MagaGlam @HLAurora63 @realDonaldTrump She can quack like a duck over there all she wants. Trump is the final decision on that de\xe2\x80\xa6'
"[43.0349931, -87.922497]","Milwaukee, WI",2019-12-04 17:07:22,Nick Penzenstadler,"b""It's a little surreal seeing Eisen play such a prominent role in this after interviewing him a bunch in '15-'16 war\xe2\x80\xa6 https://t.co/U6hTOQkrjr"""
"[27.7567667, -81.4639835]",florida,2019-12-04 17:07:22,"woman up. fight for democracy, truth to power",b'@GOP @RepDougCollins Yes. It\xe2\x80\x99s absolutely shining the light that the GOP has lied and is helping Trump undermine our constitution.'
"[39.5162234, -76.9382069]","Maryland, USA",2019-12-04 17:07:22,Young M.D.,"b'RT @ScottAdamsSays: President Trump called Prime Minister Justin Trudeau ""two faced"" after seeing some videos that appear to show Trudeau m\xe2\x80\xa6'"
"[33.7500378, -117.8704931]",Orange County CA ,2019-12-04 17:07:22,Bacon Sandwich,b'RT @michaelbeatty3: TRUMP \nDERANGEMENT\nSYNDROME\non display for the world to see \nTHESE PEOPLE ARE SICK\n@realDonaldTrump https://t.co/hZLmcP\xe2\x80\xa6'
"[37.3541132, -121.9551744]","Santa Clara, CA",2019-12-04 17:07:22,Nathan Becker,"b""RT @Hownotamovie1: @atrupar She has pinpointed the exact reason why every American should be calling for Trump's resignation."""
"[39.7837304, -100.4458825]",United States,2019-12-04 17:07:22,April492018,b'@jepence What work ?  These lunatics have done nothing for their constituents in their districts IF they had their\xe2\x80\xa6 https://t.co/DtFcWdPqDI'
"[41.8755616, -87.6244212]",Chicago,2019-12-04 17:07:22,1 Froggy Evening üåäüåäüçëüéÉüçÑ,b'RT @Astrid12022295: I\xe2\x80\x99m sorry to say trump won\xe2\x80\x99t be a MAN to testify \xf0\x9f\x9b\x91yet he complains constantly. You are hiding your hideous crimes. Isn\xe2\x80\x99\xe2\x80\xa6'
"[47.613566, -122.3465134]",EDGE KNOT CITY,2019-12-04 17:07:22,here cums santa paws,b'Impeachment hearing on the tv in the break room. White Boomer co-workers think the investigation is a waste of mone\xe2\x80\xa6 https://t.co/MifYDQa7LW'
"[33.6037312, -117.5869581]","Coto de Caza, Ca ",2019-12-04 17:07:22,skyking48,b'RT @JackPosobiec: BREAKING: Professor Turley just testified there is a lack of evidence to impeach Trump and instead an abundance of anger\xe2\x80\xa6'
"[30.2711286, -97.7436995]","Austin, Texas",2019-12-04 17:07:22,PJ,"b'RT @TeaPainUSA: Another day where old white Republican men cower at the specter of a smart, powerful, well-spoken woman.\n\nhttps://t.co/6Yez\xe2\x80\xa6'"
"[35.6729639, -79.0392919]","North Carolina, USA",2019-12-04 17:07:22,nancy garrison,b'RT @ceraldi_carleen: Is Smirnoff trolling Trump with this ad? https://t.co/tWHr2i5B6s'
"[39.070117, -89.850561]",State of depression,2019-12-04 17:07:22,Jasomnambulism human scum,b'RT @davidhogg111: We need less Donald Trump and more Professor Karlan in our government. \n\n https://t.co/zQoOOVliWq'
"[36.7014631, -118.7559974]","California, USA",2019-12-04 17:07:22,Kim Perales,"b'RT @girlsreallyrule: Prof. Pamela Karlan: ""The Constitution of the U.S. does not care whether the next president of the U.S. is Donald J. T\xe2\x80\xa6'"
"[40.737599, -73.254814]",Pacific Northwest,2019-12-04 17:07:21,Jenny,b'RT @skb_sara: Trump is from New York and isn\xe2\x80\x99t afraid and speaks his mind. Unlike #BitchBoy @JustinTrudeau who is afraid to say it to his f\xe2\x80\xa6'
"[35.5312452, -81.0297994]",Denver NC,2019-12-04 17:07:21,Kathie Stevenson üå∫,b'RT @Delavegalaw: Gerhardt: Trump has committed impeachable offense of obstruction of justice. Notes at least 5 instances in Mueller Report:\xe2\x80\xa6'
"[39.0840054, -77.1527573]","Rockville, MD",2019-12-04 17:07:21,Barry Jackson,"b'RT @ABCPolitics: Constitutional scholar Noah Feldman: ""The possibility that the president might get caught in the process of attempting to\xe2\x80\xa6'"
"[51.5073219, -0.1276474]",London ,2019-12-04 17:07:21,Anita Carnell,b'Boris Johnson was rude to Donald Trump he is now showing his real colours .. Macron and  co. Vote Brexit Party @we\xe2\x80\xa6 https://t.co/QAKxw23HPD'
"[37.413739, -118.609974]",Arizona/Central Calif,2019-12-04 17:07:21,Norma  Ramos,b'RT @ForTeague: #Patriots We have MORE POWER than even Pres.Trump!!  Contact your Congressmen to STOP this impeachment process &amp; BACK what P\xe2\x80\xa6'
"[45.496084, -62.7787413]","Rocklin, CA",2019-12-04 17:07:21,DEBRA LEE,b'@justtradin @TaoEssentials @elonmusk I was thinking of trump!\n=^.^='
"[40.9699889, -77.7278831]",Pennsylvania,2019-12-04 17:07:21,Regina Wilson,"b""Trump's 'bribery' has been 'worse than the misconduct of any prior president,' impeachment witness will testify\xe2\x80\xa6 https://t.co/uqMomqx5LJ"""
"[40.0796606, -89.4337288]",Illinois,2019-12-04 17:07:21,Nicie1,"b'RT @JohnTheWhite1: @NormEisen Ah this is the democrat clown leading the questioning of the democrat stooges today, another angry loon whose\xe2\x80\xa6'"
"[36.74612465, -76.6112468433743]","Suffolk, VA",2019-12-04 17:07:21,Samhain1313,"b'RT @realDailyWire: Trump says Trudeau is ""two-faced.""  \n\n...which isn\'t even the worst face that Trudeau has been accused of wearing... htt\xe2\x80\xa6'"
"[40.6501038, -73.9495823]","Brooklyn, NY",2019-12-04 17:07:21,Emma Chessen,b'So much going on and yet the Trump admin continues to find time to harm the most vulnerable https://t.co/jfZzm00yuN'
"[54.7023545, -3.2765753]",UK ,2019-12-04 17:07:21,Cavin Shakesheave,"b'RT @Reuters: \xe2\x80\x98It didn\xe2\x80\x99t start with Mueller, it didn\xe2\x80\x99t start with a phone call\xe2\x80\xa6 it started with tears in Brooklyn\xe2\x80\x99: Ranking member Collins s\xe2\x80\xa6'"
"[52.61713175, -1.10132823869151]",Outer Space,2019-12-04 17:07:21,T Good,"b'RT @natespuewell: Donald Trump is a loser, and as long as he is president, America is the loser.  https://t.co/EILlFM9XrU'"
"[41.8755616, -87.6244212]",Chicago,2019-12-04 17:07:21,DE3,b'RT @HillaryClinton: Every American should read the evidence for themselves in the House\xe2\x80\x99s impeachment inquiry report.\n\nIt catalogues \xe2\x80\x9ca mon\xe2\x80\xa6'
"[30.0046629, -97.6124989]","Lytton Springs, TX",2019-12-04 17:07:21,lashwr,"b'RT @funder: One thing is clear from this hearing: Trump should absolutely, without a doubt, be impeached and removed immediately. Trump has\xe2\x80\xa6'"
"[4.81804785, -75.6888617199333]",America,2019-12-04 17:07:21,D sheld‚≠ê‚≠ê‚≠ê,"b""RT @RealSLokhova: ...Halper's 30 pieces of silver, or in this case, a million of taxpayer dollars, was paid from a CIA slush fund at Pentag\xe2\x80\xa6"""
"[44.9706705, -93.268217735811]","Minneapolis, MN",2019-12-04 17:07:21,Irene Sherman,b'RT @AndyOstroy: This should become the Democrats\xe2\x80\x99 mantra... #Trump #ImpeachmentHearings https://t.co/tBBTxhiRLH'
"[40.3270127, -86.1746933]", Indiana,2019-12-04 17:07:21,Leroy Sweeney,"b""RT @GOPLeader: Democrats still don't get it\xe2\x80\x94they are pushing ahead with impeachment based on opinions from liberal law professors from coas\xe2\x80\xa6"""
"[39.7837304, -100.4458825]",USA- USA,2019-12-04 17:07:21,KathyBüôèüèªüá∫üá∏,b'RT @seanmdav: A top Mueller source during the anti-Trump Russia probe -- a pedophile and child porn trafficker whom Mueller refused to arre\xe2\x80\xa6'
"[40.6501038, -73.9495823]","Brooklyn, NY",2019-12-04 17:07:21,Ken,"b'RT @kylegriffin1: EISEN: ""What\'s the danger if Congress does not respond to [Trump\'s] attempt?""\nKARLAN: ""Well, we\'ve already seen a little\xe2\x80\xa6'"
"[45.5202471, -122.6741949]",Portland Oregon,2019-12-04 17:07:21,Elizabeth Tierney,b'RT @H_MitchellPhoto: I cant wait to see Benedict Cumberbatch play .@NoahRFeldman in the tRump Impeachment movie.'
"[39.7837304, -100.4458825]",United States,2019-12-04 17:07:21,D33z,"b""RT @GOPLeader: Democrats still don't get it\xe2\x80\x94they are pushing ahead with impeachment based on opinions from liberal law professors from coas\xe2\x80\xa6"""
"[27.7567667, -81.4639835]","Florida, USA",2019-12-04 17:07:21,TrumpWatchdogNews,"b'RT @RonWyden: Just last week, the Treasury Department confirmed that President Trump pressed Secretary Mnuchin to intervene in sanctions po\xe2\x80\xa6'"
"[38.6413452, -75.6114584]","Seaford, Delaware",2019-12-04 17:07:20,Kevin Mastaw,"b'RT @hrenee80: Does anyone know why President Trump is mocked by US allies behind his back at Summits, yet they cower to his face? \n\nI\xe2\x80\x99ll gi\xe2\x80\xa6'"
"[31.8160381, -99.5120986]",Texas,2019-12-04 17:07:20,Vee,b'RT @TheOfficerTatum: These Democrats are put of control!!\n\nThey hold a hearing with 4 professors\n\nThey only question 3 that blatantly hate\xe2\x80\xa6'
"[39.7837304, -100.4458825]",United States,2019-12-04 17:07:20,Mark ‚≠êÔ∏è‚≠êÔ∏è‚≠êÔ∏è,"b""RT @Vader0577: Donald Trump calls Justin Trudeau 'two-faced' during NATO summit  https://t.co/yjKkul8NPr"""
"[39.7837304, -100.4458825]",United States,2019-12-04 17:07:20,DawsonSField,"b'@TruckerWifeLife Awesome, wonder how much of that was exposed thanks to the Trump Tower Baku operation?'"
"[39.7837304, -100.4458825]",United States,2019-12-04 17:07:20,BXNY183GC,b'RT @michaelbeatty3: TRUMP \nDERANGEMENT\nSYNDROME\non display for the world to see \nTHESE PEOPLE ARE SICK\n@realDonaldTrump https://t.co/hZLmcP\xe2\x80\xa6'
"[38.7251776, -105.6077167]","Colorado, USA",2019-12-04 17:07:20,Regina C.,b'RT @Acosta: Trump just canceled his press conference at the end of NATO meetings. Here\xe2\x80\x99s the empty stage where he would have taken our ques\xe2\x80\xa6'
"[55.001251, -125.002441]","British Columbia, Canada",2019-12-04 17:07:20,Andy G,"b'RT @girlsreallyrule: BREAKING: After calling Trudeau two-faced in his most recent press conference for mocking him the night before, Trump\xe2\x80\xa6'"
"[39.7837304, -100.4458825]",USA,2019-12-04 17:07:20,KentuckyBuckeye,"b'RT @Doks_Art: This is my second portrait of President Trump. This time I really want him to see it. All done in ballpoint, took up to 70hou\xe2\x80\xa6'"
"[40.4416941, -79.9900861]","Pittsburgh, Pennsylvania",2019-12-04 17:07:20,Blair,b'RT @resistbot: \xe2\x80\x9cThe Constitution of the United States does not care whether the next President of the United States is Donald J. Trump or a\xe2\x80\xa6'
"[28.5421097, -81.3790388]","Orlando, FL",2019-12-04 17:07:20,HispanicAtTheDisco,b'@dianeburgess72 @Yamiche I apologize if my response seemed snarky. It\xe2\x80\x99s hard to distinguish those earnestly asking\xe2\x80\xa6 https://t.co/4kjC4dQprb'
"[54.7023545, -3.2765753]",United Kingdom,2019-12-04 17:07:20,Rumi M Iqbal,"b'RT @LKTranslator: UK ambulance costs \xc2\xa3500, but the patient pays nothing.\n\nUS ambulance costs $2,500 which the patient pays. Americans wear\xe2\x80\xa6'"
"[51.4538022, -2.5972985]",Bristol,2019-12-04 17:07:20,Equality Bristol,"b'RT @peoplesvote_uk: Trump may be leaving our country with his tail between his legs, but he still wants a slice of our NHS. We have to stop\xe2\x80\xa6'"
"[31.8160381, -99.5120986]","Texas, USA",2019-12-04 17:07:20,Cathy. Loves our President üá∫üá∏ and My Astros ‚öæ!,b'@ChrisRHollen @JackPosobiec Take a seat Chris! President Trump will not be removed from the White house!!   #TRUMP2020'
"[44.4308975, -89.6884637]","Wisconsin, USA",2019-12-04 17:07:20,AnG üíôüÜò,"b'RT @NewsHour: WATCH: Stanford Law professor Pamela Karlan says she is ""insulted"" over Rep. Doug Collins\' suggestion that she wouldn\'t care\xe2\x80\xa6'"
"[38.8948932, -77.0365529]","Washington, DC",2019-12-04 17:07:20,Tim Mak,b'RT @DomenicoNPR: It seems @NormEisen has laid out the three potential articles of impeachment against Trump:\n\n1.    Abuse of power and brib\xe2\x80\xa6'
"[36.7014631, -118.7559974]","California, USA",2019-12-04 17:07:20,[insert clever username here],b'RT @RepMarkMeadows: Democrats are holding a national T.V. hearing to ask three liberal law professors why President Trump should be impeach\xe2\x80\xa6'
"[27.7567667, -81.4639835]",Florida,2019-12-04 17:07:20,MA,"b'RT @TheDemCoalition: Macron openly questioned him, Trudeau mocked him behind his back, and Boris Johnson refused to be photographed with hi\xe2\x80\xa6'"
"[27.7567667, -81.4639835]",Florida USA,2019-12-04 17:07:20,Kathi Angelone,"b'RT @freethetruth1: @jackieking0819 @KathiAngelone So basically, we have a group of organized criminals in the highest positions of  governm\xe2\x80\xa6'"
"[42.3602534, -71.0582912]",Boston,2019-12-04 17:07:20,Jeanie,"b'RT @ABC: Harvard Law School\'s Noah Feldman: ""On the basis of the testimony and the evidence before the House, President Trump has committed\xe2\x80\xa6'"
"[30.0971621, -95.6160549]","Tomball, Texas ",2019-12-04 17:07:20,Kyle Sanchez,b'RT @mayawiley: This is an example of using facts to illustrate this the acts are #impeachable. We need more of the fact record applied to t\xe2\x80\xa6'
"[33.98390015, -81.2260108261701]","Lexington, SC",2019-12-04 17:07:20,‚ú®Kelly‚ú®,b'RT @mayawiley: Prof. Turley says his personal views of opposition to #Trump is not relevant. He is concerned that this #impeachment would l\xe2\x80\xa6'
"[41.0334305, -73.5995698]","cos cob, ct",2019-12-04 17:07:20,Jan Davis,"b'RT @girlsreallyrule: Prof. Pamela Karlan: ""The Constitution of the U.S. does not care whether the next president of the U.S. is Donald J. T\xe2\x80\xa6'"
"[42.68387845, 23.4073366971318]",Orbit,2019-12-04 17:07:20,TTG,"b'RT @ABC: Constitutional scholar Noah Feldman: ""The possibility that the president might get caught in the process of attempting to abuse hi\xe2\x80\xa6'"
"[35.0841034, -106.6509851]",Albuquerque NM,2019-12-04 17:07:20,Marti Reed,"b'RT @john_sipher: As we witness members of Congress spout Russian disinformation narratives and Trump allies embrace fake stories, I thought\xe2\x80\xa6'"
"[45.9896587, -94.6113288]","Minnesota, USA",2019-12-04 17:07:20,ladygrace,"b""RT @GOPLeader: Democrats still don't get it\xe2\x80\x94they are pushing ahead with impeachment based on opinions from liberal law professors from coas\xe2\x80\xa6"""
"[27.3364347, -82.5306527]","Sarasota, FL",2019-12-04 17:07:20,Jimmy,b'@YourBucks Wouldn\xe2\x80\x99t be here if trump wasn\xe2\x80\x99t corrupt.'
"[51.5073219, -0.1276474]",London,2019-12-04 17:07:20,Olly King,"b'RT @sturdyAlex: The moment Johnson is asked a difficult question at the NATO press conference, he shuts the session down, quite literally,\xe2\x80\xa6'"
"[35.7803977, -78.6390989]","Raleigh, NC",2019-12-04 17:07:20,Danny Ocean,"b'RT @PhilippeReines: Republicans: Professor Turley, you\xe2\x80\x99re our witness. We called you. Should trump should be impeached?\n\nTurley: We haven\xe2\x80\x99t\xe2\x80\xa6'"
"[36.7014631, -118.7559974]","California, USA",2019-12-04 17:07:20,Lisa,"b'RT @ABCPolitics: Jonathan Turley says both sides ""have demonized the other to justify any measure in their defense.""\n\n""Perhaps that\'s the s\xe2\x80\xa6'"
"[44.3972864, -122.4872412]",Cascadia,2019-12-04 17:07:20,Lynne A üíô,b'RT @davidhogg111: We need less Donald Trump and more Professor Karlan in our government. \n\n https://t.co/zQoOOVliWq'
"[40.2239981, -74.0478216]",neptune,2019-12-04 17:07:20,Bello Stello,b'RT @BreeNewsome: Still not seeing why folks are confident there will be a legitimate election a year from now as Trump &amp; Republicans contin\xe2\x80\xa6'
"[37.7884969, -122.3558473]",San Francisco Bay Area,2019-12-04 17:07:19,PJaminator üåäüí¶üåä,"b'RT @kylegriffin1: EISEN: ""What\'s the danger if Congress does not respond to [Trump\'s] attempt?""\nKARLAN: ""Well, we\'ve already seen a little\xe2\x80\xa6'"
"[47.6038321, -122.3300624]","Seattle, WA",2019-12-04 17:07:19,Dr. Lisa Galarneau üÜò üá∫üá∏ üåä‚ù§Ô∏èüåéüïäÔ∏èüè≥Ô∏è‚Äçüåàüë©‚Äçü¶Ω,"b'RT @ewarren: Donald Trump is pushing out talented diplomats, hollowing out the State Department, and appointing his own donor buddies to be\xe2\x80\xa6'"
"[30.8703881, -92.007126]","Louisiana, USA",2019-12-04 17:07:19,M Helm,b'RT @brithume: No he isn\xe2\x80\x99t and the points made here demolish the argument that he is.  https://t.co/H7nmO4IngL'
"[38.7251776, -105.6077167]","Colorado, USA",2019-12-04 17:07:19,Sunning Chameleon,"b'RT @ThePlumLineGS: It\'s time to stop calling Trump a ""Russian dupe."" The truth is much worse.\n\nTrump is an *active and willing* ally of Put\xe2\x80\xa6'"
"[38.7251776, -105.6077167]","Colorado, USA",2019-12-04 17:07:19,Donelle Franklin,b'RT @ericgarland: The only reason for the GOP to be so desperate in obstructing this investigation into Trump seems to be that their crimes\xe2\x80\xa6'
"[51.0534234, -114.0625892]","Calgary, Alberta",2019-12-04 17:07:19,Gary Stamford,b'RT @ThornThornhill: Top intelligence officer on briefing @POTUS Trump on matters of foreign/domestic intelligence and national security (pa\xe2\x80\xa6'
"[49.2819065, -123.1176956]",COMPANY OF CANADA,2019-12-04 17:07:19,Mathotah Cuksikle,b'RT @invisiblepeople: He wanted to ban feeding homeless people. Now he\xe2\x80\x99s about to lead a federal homeless agency https://t.co/V5H9GCjw26'
"[50.416667, -4.75]","Cornwall, UK",2019-12-04 17:07:19,Emma Wilson,"b'RT @Jim_Edwards: This video of other world leaders mocking Trump behind his back is funny, but also very important:\n\nIt suggests the rest o\xe2\x80\xa6'"
"[39.7837304, -100.4458825]",United States,2019-12-04 17:07:19,MimigramsüíõüíõüíõüëÄüòéüôè,b'RT @RepKenBuck: The Democrats first witness today: Noah Feldman. He\xe2\x80\x99s been talking about impeaching @realDonaldTrump just 47 days into the\xe2\x80\xa6'
"[39.7837304, -100.4458825]",United States,2019-12-04 17:07:19,whistleBlower2,b'@CeWayne89 @Jopo58772455 @Gramma_Barbie @Jim_Edwards Hillary has been out of office for years. The time limit for c\xe2\x80\xa6 https://t.co/F9MT6EdgwP'
"[40.7127281, -74.0060152]",NYC,2019-12-04 17:07:19,RebelChick,"b'RT @kayleighmcenany: Liberal academic Noah Feldman perpetuated the Russia collusion conspiracy theory.\n\nFELDMAN, 9/28/17: \xe2\x80\x9cAs more &amp; more e\xe2\x80\xa6'"
"[43.6211955, -84.6824346]",Michigan,2019-12-04 17:07:19,"Les ""Holly Jolly"" Jenkins",b'RT @ProfMSinha: @RepJerryNadler @GOP Democratic counsel showing a Trump clip saying he is above the law is a stroke of genius #ImpeachmentI\xe2\x80\xa6'
"[29.8314658, -82.0428333]",Camp Crystal Lake,2019-12-04 17:07:19,Mother Voorhees,"b'RT @PoliticalShort: Noah is one of the ""legal experts"" giving his opinion today on why Trump should be impeached. He should of followed his\xe2\x80\xa6'"
"[39.7837304, -100.4458825]",United States,2019-12-04 17:07:19,"Katy, Bar the door!",b'RT @JackPosobiec: BREAKING: Noah Feldman once stated that President Trump could be impeached for his tweets'
"[28.2441768, -82.7192671]","New Port Richey, FL",2019-12-04 17:07:19,Carol,"b""RT @GOPChairwoman: All you need to know about today's #JerryRigged kangaroo court:\n\n*not a single fact witness \n\n*Republicans can\xe2\x80\x99t subpoen\xe2\x80\xa6"""
"[39.7837304, -100.4458825]",United States,2019-12-04 17:07:19,Cornbread Mafia,"b""RT @myjourneymyself: Schiff &amp; House Dems obtained phone records for Rudy Giuliani &amp; John Solomon.  This is a clear violation of Trump's con\xe2\x80\xa6"""
"[61.0666922, -107.9917071]",Canada,2019-12-04 17:07:19,Brravehart ‚òòÔ∏èüá®üá¶,"b""RT @SethAbramson: 6/ What's amazing in this impeachment is that even a poor defense to criminal charges usually can take a portion of a rec\xe2\x80\xa6"""
"[37.5385087, -77.43428]","Richmond, VA",2019-12-04 17:07:19,lewk82,b'RT @HillaryClinton: Every American should read the evidence for themselves in the House\xe2\x80\x99s impeachment inquiry report.\n\nIt catalogues \xe2\x80\x9ca mon\xe2\x80\xa6'
"[43.6447642, -114.0154071]","Idaho, USA",2019-12-04 17:07:19,Nova Robinson Not Trump Fan,b'@Georgeliller1 @shannoniswright @AntiEverythang @GOP Time to block the ranting moron. Im watching Trump get impeached .'
"[36.1556805, -95.9929113]","Tulsa, OK",2019-12-04 17:07:19,MAXSGEMS2/Pro+DT,b'RT @friedline_ron: @TeamTrump We need a president like mr. Trump thank God for him'
"[31.8160381, -99.5120986]","Texas, USA",2019-12-04 17:07:19,Deplorable Connie ŸÜüá∫üá∏,b'RT @ChatByCC: @realDonaldTrump Thank you for all your efforts and success President Trump.\n\nGod speed!'
"[40.9699889, -77.7278831]","Pennsylvania, USA",2019-12-04 17:07:19,Five Pinocchios,b'RT @RepAdamSchiff: The impeachment inquiry uncovered overwhelming and uncontested evidence that President Trump abused the powers of his of\xe2\x80\xa6'
"[21.2793568, -157.8285713]","Waikiki, Hawaii üåà",2019-12-04 17:07:19,Kathleen Springerüá∫üá∏üá¨üáß,b'RT @santiagomayer_: \xe2\x80\x9cI moved on him like a bitch\xe2\x80\x9d\n\n- The Constitution regarding Donald Trump'
"[40.2663107, -76.8861122]","Harrisburg, PA",2019-12-04 17:07:19,Bonrat,b'RT @JoshuaPotash: This!!\n\nThe protest against Trump\xe2\x80\x99s visit to the UK has turned into a party!\n\n https://t.co/3yYUXI4X9B'
"[42.3602534, -71.0582912]",boston ma,2019-12-04 17:07:19,la bibliotequetress,"b'RT @kylegriffin1: EISEN: ""Did President Trump commit the impeachable high crime and misdemeanor of abuse of power ... ?""\nFELDMAN: ""The pres\xe2\x80\xa6'"
"[39.729432, -104.8319196]","AURORA, COLORADO",2019-12-04 17:07:19,E W BROSSMAN,b'RT @GA_peach3102: Pelosi needs to be slapped back down to reality &amp; told she\xe2\x80\x99s not PRESIDENT!\nShe obviously thinks she is because she told\xe2\x80\xa6'
"[35.5312452, -81.0297994]",Denver NC,2019-12-04 17:07:19,Kathie Stevenson üå∫,"b""RT @Delavegalaw: Feldman: Trump's statement that he can do anything under Art. II struck horror in me. Gerhardt: Intel Committee report rei\xe2\x80\xa6"""
"[43.653963, -79.387207]","Toronto, Ontario",2019-12-04 17:07:19,Drew Garner,b'The true capitalist geniuses like Trump know that the key to business success is to just keep borrowing forever and\xe2\x80\xa6 https://t.co/dgQyyKqCDZ'
"[40.0757384, -74.4041622]","New Jersey, USA",2019-12-04 17:07:19,Michael,"b'RT @TheRickWilson: If Putin wanted to design a human wrecking ball to destroy NATO in a lab, he would design Donald Trump.\n\nOh. Wait. He ki\xe2\x80\xa6'"
"[30.3321838, -81.655651]","Jacksonville, FL  USA",2019-12-04 17:07:19,DeWayne Hyatt,"b""RT @HillBeverlyhill: Trump shouted 'you're making me look like an idiot' at White House staff, report claims https://t.co/8pNRRSdjN6"""
"[51.5073219, -0.1276474]","London, England",2019-12-04 17:07:18,BK,"b'RT @sturdyAlex: The moment Johnson is asked a difficult question at the NATO press conference, he shuts the session down, quite literally,\xe2\x80\xa6'"
"[43.6211955, -84.6824346]",Michigan,2019-12-04 17:07:18,Bonnie4progress,b'RT @donjefferis214: Congressional Republicans are defending runaway executive power. https://t.co/UtpVuD8Vuq via @slate'
"[43.160858, -85.710039]","Sparta, MI",2019-12-04 17:07:18,Candie Lillie,"b""Nicole Kidman: We 'need to support' Trump now https://t.co/CSmqXmRX47"""
"[34.2331373, -102.4107493]",Earth,2019-12-04 17:07:18,Elle,"b""RT @SethAbramson: What Turley just did is gaslight America, telling those of us seeking to uphold rule of law that we're just acting hyster\xe2\x80\xa6"""
"[27.7567667, -81.4639835]",Florida,2019-12-04 17:07:18,AMABLACKPATRIOT,"b""@maggieNYT Sure you can't. Immature little children bickering about the President behind his back, meanwhile the re\xe2\x80\xa6 https://t.co/JZAwTWzeKq"""
"[50.000678, -86.000977]","Ontario, Canada",2019-12-04 17:07:18,dfrntdrmmr,b'RT @AshleyRParker: And there you have it. Trump \xe2\x80\x94 mocked by world leaders in a global huddle caught on video \xe2\x80\x94 is now heading home without\xe2\x80\xa6'
"[37.1232245, -78.4927721]","Virginia, USA",2019-12-04 17:07:18,ITMFA!,"b""RT @SethAbramson: What Turley just did is gaslight America, telling those of us seeking to uphold rule of law that we're just acting hyster\xe2\x80\xa6"""
"[44.5990718, -72.5002608]","Vermont, USA",2019-12-04 17:07:18,F*ckTrumpüåäüåäüåä,"b""RT @TheRealHolli: 20 Republican senators\xe2\x80\x94 that's the number needed to convict Trump, if every Democratic senator votes to impeach.\n\nWe only\xe2\x80\xa6"""
"[52.5333335, 6.0554947]",Reality,2019-12-04 17:07:18,Ruby Twill,b'RT @TeaPainUSA: Snowflake\n\nhttps://t.co/OC3zx6Sxei'
"[40.9699889, -77.7278831]","Pennsylvania, USA",2019-12-04 17:07:18,Patty Martin,b'RT @DonaldJTrumpJr: Judiciary Committee continues impeachment witch hunt \xe2\x80\x93 But Trump did nothing wrong on Ukraine | Fox News https://t.co/r\xe2\x80\xa6'
"[27.7567667, -81.4639835]","Florida, USA",2019-12-04 17:07:18,Mery Robins üöÇüá∫üá∏,"b'@kylegriffin1 @NormEisen Meet Norm Eisen, the lawyer hired by Jerry Nadler:\n\n\xe2\x9c\x96\xef\xb8\x8fTweeted support for an anti-Trump mo\xe2\x80\xa6 https://t.co/chGGtDrn7c'"
"[30.4459596, -91.18738]",Baton Rouge,2019-12-04 17:07:18,Flinks,"b""RT @SethAbramson: What Turley just did is gaslight America, telling those of us seeking to uphold rule of law that we're just acting hyster\xe2\x80\xa6"""
"[45.6735384, -66.6845417]","Tracy, CA",2019-12-04 17:07:18,Dannielle Scott,"b'RT @SethAbramson: 1/ In other words, Trump *believed* Mueller would take him down. His *years-long* plot against Ukraine, *per the evidence\xe2\x80\xa6'"
"[37.1924594, -77.3677408]","Petersburg, VA",2019-12-04 17:07:18,Ann Blumenschine,b'@RadioFreeTom Especially when Trump cult members have decided that educators are the enemy.'
"[27.7567667, -81.4639835]",Florida USA,2019-12-04 17:07:18,üá∫üá∏üíôMimiGirlsMomüíô üá∫üá∏ #Resist üá∫üá∏ üíô,b'RT @funder: Malcolm Nance just debunked multiple GOP conspiracy theories. Take a listen to the interview here:\n\nhttps://t.co/RqI6rUjc0B'
"[36.1459327, -87.3480592]","Dickson, TN",2019-12-04 17:07:18,Cindy,b'RT @vine17: @SkyNews @SkyRhiannon Anne is great! Think she was trying to get them to hurry along!! Trump was certainly hovering!!'
"[35.6729639, -79.0392919]","North Carolina, USA",2019-12-04 17:07:18,America! America! God Shed his grace on thee,"b""RT @GOPLeader: Democrats still don't get it\xe2\x80\x94they are pushing ahead with impeachment based on opinions from liberal law professors from coas\xe2\x80\xa6"""
"[42.3788774, -72.032366]","Massachusetts, USA",2019-12-04 17:07:18,Jack of Shadows,b'RT @joshchafetz: Impeaching Donald Trump is just like impeaching the man who sought to undercut Reconstruction and hasten the re-rise of wh\xe2\x80\xa6'
"[39.7837304, -100.4458825]",USA,2019-12-04 17:07:18,kissMyGritsGOP,b'RT @OpenSecretsDC: A federal appeals court in New York ruled 2-1 yesterday that Deutsche Bank and Capital One should comply with subpoenas\xe2\x80\xa6'
"[27.7567667, -81.4639835]","Florida, USA",2019-12-04 17:07:18,RobinüÜò‚òÆÔ∏èüåé,"b""RT @Conversationbug: Abuse of Power, Bribery, Obstruction of Congress-trump is going to be IMPEACHED. \n\nA president that doesn't comply wit\xe2\x80\xa6"""
"[40.0757384, -74.4041622]","New Jersey, USA",2019-12-04 17:07:18,Jazzey1,b'RT @AndyOstroy: Trudeau: What an idiot!\nJohnson: A moron!\nRutte: Is he really that dumb?!\nMacron: Yes! \nT: His team thinks he\xe2\x80\x99s a fool!\nM:\xe2\x80\xa6'
"[41.8755616, -87.6244212]","CHICAGO, IL.",2019-12-04 17:07:18,DARRYL E. BLACKMON,b'Real talk- if President Obama was suspected of all stuff that they are gonna pin onto Trump\xe2\x80\x99s butt would the GOP be\xe2\x80\xa6 https://t.co/tpdH9neXVi'
"[39.7837304, -100.4458825]",United States,2019-12-04 17:07:18,K,b'RT @NPRinskeep: Jonathan Turley warns that impeaching a Republican president on insufficient grounds will open a future Democratic presiden\xe2\x80\xa6'
"[35.8376958, 128.5575166]",World,2019-12-04 17:07:18,Bella Ciao,"b'RT @AndyOstroy: @realDonaldTrump TRANSLATION: ""All those very smart, competent, respected people who really like each other were making fun\xe2\x80\xa6'"
"[45.143731, -122.8553725]","Woodburn, OR",2019-12-04 17:07:18,Jose Rolando Garza,b'RT @BettyBowers: The future King of England flipped off Donald J. Trump today. https://t.co/Odakp3trpN'
"[31.8160381, -99.5120986]",Texas,2019-12-04 17:07:18,Covfefe Engineer,"b""RT @Peoples_Pundit: His support for impeachment is predicated on his dislike of Trump's remark that he could shoot someone on 5th Avenue an\xe2\x80\xa6"""
"[45.421106, -75.690308]",Ottawa,2019-12-04 17:07:18,Leanne Canuck,"b'RT @MeanwhileinCana: In the 1970\'s President Nixon called Pierre Trudeau an ""asshole.""  Trudeau\'s response was ""I\'ve been called worse by b\xe2\x80\xa6'"
"[43.1554354, -80.2665916]","Brantford, Ontario",2019-12-04 17:07:18,Catherine Gurney,"b'@QPnewsboy I think the video is awesome, everyone is laughing AT Trump not with him, actually think this is good th\xe2\x80\xa6 https://t.co/IJ5cYrguhi'"
"[39.7837304, -100.4458825]",United States,2019-12-04 17:07:17,KAHALA üåüüåüüåü,"b""RT @GOPLeader: Democrats still don't get it\xe2\x80\x94they are pushing ahead with impeachment based on opinions from liberal law professors from coas\xe2\x80\xa6"""
"[32.7876012, -79.9402728]","Charleston, SC",2019-12-04 17:07:17,Randy,"b""RT @kaitlancollins: As reporters were leaving the room during Trump's lunch with leaders from countries that meet the 2% NATO threshold, th\xe2\x80\xa6"""
"[46.8700801, -113.9952796]",Missoula,2019-12-04 17:07:17,Nate Lang,b'RT @mitchellreports: Democratic counsel Norm Eisen: Do President Trump\xe2\x80\x99s demands on Ukraine establish the high crime of bribery? (As define\xe2\x80\xa6'
"[30.6943566, -88.0430541]","Mobile, Alabama",2019-12-04 17:07:17,‚öúÔ∏è‚öúÔ∏è‚öúÔ∏èDPJ ‚öúÔ∏è‚öúÔ∏è‚öúÔ∏è,"b'RT @kylegriffin1: EISEN: ""What\'s the danger if Congress does not respond to [Trump\'s] attempt?""\nKARLAN: ""Well, we\'ve already seen a little\xe2\x80\xa6'"
"[41.070047, -81.495158]","Cleveland/Akron, OH",2019-12-04 17:07:17,Kim Wendel,b'RT @NBCNews: WATCH: PM Trudeau discusses open mic moment where he and other leaders were overheard speaking candidly about President Trump;\xe2\x80\xa6'
"[31.8160381, -99.5120986]","Texas, USA",2019-12-04 17:07:17,Kat Bea,b'RT @BillPascrell: My republican colleagues are whining that impeachment of trump isn\xe2\x80\x99t fair bc key witnesses aren\xe2\x80\x99t testifying \xe2\x80\x94 the *same*\xe2\x80\xa6'
"[30.8703881, -92.007126]","Louisiana, USA",2019-12-04 17:07:17,Bri Michelle‚úùÔ∏è üá∫üá∏‚ô•Ô∏èü¶Öüîî‚öñÔ∏è üêòü¶Åüêâ,b'RT @SaraCarterDC: #BREAKING \nRepublican Impeachment Report: Dems Have No Evidence On President Trump. No Crimes Committed. https://t.co/nI5\xe2\x80\xa6'
"[35.8253994, -76.5726303]","Washington, NC",2019-12-04 17:07:17,Tracy Warren,"b""RT @toddstarnes: Is this an impeachment hearing or a reality show to find America's most anti-Trump law school professor? #ImpeachmentHeari\xe2\x80\xa6"""
"[35.2270869, -80.8431268]","Charlotte, NC",2019-12-04 17:07:17,Keith Ball,"b'RT @funder: Professor Karlan just called out Doug Collins for his lies, then made it clear while staring at him that Trump abused his power\xe2\x80\xa6'"
"[37.7792808, -122.4192363]","San Francisco, California",2019-12-04 17:07:17,Mars,"b'RT @Strandjunker: @funder Women are the wall, and Trump will pay for it.'"
"[14.3601126, 100.5772104]",Planet Earth,2019-12-04 17:07:17,Still Unwritten,b'RT @nancyoreally: @cmclymer What is happening here is not what people think. The queen is trying to get Princess Anne to move up but Trump\xe2\x80\xa6'
"[52.7954791, -0.540240286617432]","England, United Kingdom",2019-12-04 17:07:17,Esme Hornbeam,b'RT @SkyeCity_: Number of people declared bankrupt due to medical bills each year:\n\nCanada - 0\nFrance - 0\nThe Netherlands - 0\nSwitzerland -\xe2\x80\xa6'
"[42.40843, -71.0536625]","Everett, MA",2019-12-04 17:07:17,Kim,"b'RT @WTrassare: Flat Stanley Project 2019: My daughter Rylee chose one of her most fave ppl, @POTUS. She did such a great job and this Mom i\xe2\x80\xa6'"
"[47.6038321, -122.3300624]","Seattle, WA",2019-12-04 17:07:17,Anne D.,"b'RT @ddale8: No, Trump didn\xe2\x80\x99t predict Brexit the day before. No, the US didn\xe2\x80\x99t perpetually lose at the WTO before Trump took office. No, ISI\xe2\x80\xa6'"
"[43.653963, -79.387207]",Toronto,2019-12-04 17:07:17,ARLTR,b'RT @WayneDupreeShow: Only Trump could have landed this response and it mean something\n\nhttps://t.co/0Qy73R9sPJ'
"[40.7646295, -73.9848626234248]",Metro New York City,2019-12-04 17:07:17,FischerWilliamsPhoto,b'RT @silverg22954643: @DeanObeidallah Do you think you can slip him this note to remind him what he said?  Bill Clinton is guilty of lying t\xe2\x80\xa6'
"[27.7567667, -81.4639835]","Florida, USA",2019-12-04 17:07:17,LifesABeach üèñüèù,"b'RT @vespertilioAJR: Woah, Professor Pamela Karlan testifies that Trump committed bribery!'"
"[45.709097, -68.8590201]","Maine, USA",2019-12-04 17:07:17,TD,b'RT @C_3C_3: Another Dem disaster..\n\nNothing resonates with Americans like 4 Ivy League DC lawyers explaining to us lowly taxpayers that POT\xe2\x80\xa6'
"[51.5156177, -0.0919983]",THE City,2019-12-04 17:07:17,P Ebo,"b""RT @mckaycoppins: Trump's entire life has basically been a revenge march fueled by moments like these. There is nothing he hates more than\xe2\x80\xa6"""
"[39.4986462, -119.773331865361]","Reno-Sparks, NV",2019-12-04 17:07:17,Jerry L. Miller,"b'RT @JudyWoodruff: House Judiciary Committee show video of President Trump in a speech, saying Article II of the Constitution says ""I can do\xe2\x80\xa6'"
"[29.9499323, -90.0701156]",NEW ORLEANS,2019-12-04 17:07:17,Jenny Ansardi,"b'RT @PoliticalShort: Noah is one of the ""legal experts"" giving his opinion today on why Trump should be impeached. He should of followed his\xe2\x80\xa6'"
"[33.4278394, -111.7504799]",NW Alberta,2019-12-04 17:07:17,Northern500,b'RT @Bubbalouwie: Here\xe2\x80\x99s what happening at NATO ! Trump fighting for our money!  \n\nTurn sound on \n\n@realDonaldTrump \n@GregGutfeldShow \n@Jess\xe2\x80\xa6'
"[42.3315509, -83.0466403]","Detroit, USA",2019-12-04 17:07:17,B_Resists,b'@hwmnylx @SmackeyCracks @OzenRhoda @victorkhoshoob @LepapillonBlu @TimTerminator1 @LaurelBlu @DaviesBooks @4a_of\xe2\x80\xa6 https://t.co/0FSncINumW'
"[35.9164269, -75.6054379179905]","North Carolina,OBX",2019-12-04 17:07:17,Ellen.   ‚≠ê‚≠ê‚≠ê,"b""RT @CathyLMarkham: That's because Professor Turley wasn't invited to the Democrat's 6-hour mock hearing yesterday where their three anti-Tr\xe2\x80\xa6"""
"[54.7023545, -3.2765753]",United Kingdom,2019-12-04 17:07:17,DorisMalulaCantSayCunt,"b""Those of you that follow @jamajestical she's just been banged up for calling Donald Donald Trump and Boris Johnson\xe2\x80\xa6 https://t.co/YwxhXATXab"""
"[32.7876012, -79.9402728]","Charleston, SC",2019-12-04 17:07:17,Eric Bash,"b'RT @votevets: We are PROUD to endorse Mayor @PeteButtigieg for President, today, on behalf of our 700,000 veterans, military families and c\xe2\x80\xa6'"
"[61.0666922, -107.9917071]",Canada,2019-12-04 17:07:17,Sue,"b'""World leaders and Princess Anne filmed apparently \'mocking\' Trump""  https://t.co/rSu9cq7J0q'"
"[38.7251776, -105.6077167]",Colorado,2019-12-04 17:07:17,Betty,"b'RT @KlasfeldReports: Professor Feldman: \n\n""President Trump has committed impeachable high crimes and misdemeanors by corruptly abusing the\xe2\x80\xa6'"
"[28.7048064, -100.4815063]",South Texas,2019-12-04 17:07:17,Letty,b'@HeatherJChin I consider your opinion. But I also think back to Trump and his consistent lying and his statement th\xe2\x80\xa6 https://t.co/uRp8q0M30x'
"[39.7837304, -100.4458825]",United States,2019-12-04 17:07:17,Kim Halliburton,"b'RT @kylegriffin1: Prof. Pamela Karlan: ""Put simply, a candidate for president should resist foreign interference in our elections, not dema\xe2\x80\xa6'"
"[39.7837304, -100.4458825]",United States,2019-12-04 17:07:17,Julia Spahn,b'RT @FiveThirtyEight: Karlan said it doesn\xe2\x80\x99t matter that Ukraine never announced the investigations. \n\nShe used the analogy of a police offi\xe2\x80\xa6'
"[40.40650015, -104.693327497225]",Northern Colorado,2019-12-04 17:07:17,Wildcat Cliff,"b""President Trump \nThe best POTUS money can't buy."""
"[30.0374268, -84.3876768]","Panacea, FL",2019-12-04 17:07:17,CindyLouBlueüåäüåäüåä,"b'RT @AndyOstroy: Man, would I LOVE to be a fly on the Air Force One wall on @realDonaldTrump\xe2\x80\x99s flight home from #NATO... #Trump #Impeachment\xe2\x80\xa6'"
"[31.8160381, -99.5120986]",Texas,2019-12-04 17:07:16,I‚Äôm a Blue Fan,"b'RT @TomthunkitsMind: Trump, sitting next to Turkish Pres. Erdogan, gives the game away on Syria: \xe2\x80\x98We are keeping the oil. We have the oil.\xe2\x80\xa6'"
"[42.6788082, 23.3216264]",European Unionüá™üá∫,2019-12-04 17:07:16,Kevin McLaughlin #FBPE.,b'RT @BBCSounds: Don\xe2\x80\x99t mention Boris\nDon\xe2\x80\x99t mention Brexit \nDon\xe2\x80\x99t mention Boris\nDon\xe2\x80\x99t mention Brexit\xe2\x80\xa6\n\n@maitlis on President Trump\xe2\x80\x99s \xe2\x80\x98Homer Si\xe2\x80\xa6'
"[39.7837304, -100.4458825]",United States,2019-12-04 17:07:16,The China Bore,"b'@Oneoneder Lol, the geese are laughing at trump. They always win out of sheer nastiness.'"
"[46.7204489, -122.9614303]","Centralia, WA",2019-12-04 17:07:16,Buddhababy,b'RT @mitchellreports: 3 Law Professors called as witnesses by the democrats agree President Trump abused his office for personal gain and un\xe2\x80\xa6'
"[45.421106, -75.690308]","Ottawa, Ontario",2019-12-04 17:07:16,Mr. J.,"b'RT @SpencerFernando: WATCH: Trump Calls Trudeau ""Two-Faced"". https://t.co/giBBtKYuFF'"
"[39.7837304, -100.4458825]",United States,2019-12-04 17:07:16,the hat,b'@CatRippe @RepMarkMeadows Get used to that feeling. Trump will be impeached and indicted. \n\nHe\xe2\x80\x99s a criminal after all.'
"[40.8456555, -74.0879195]","Wood-Ridge, NJ",2019-12-04 17:07:16,Rod Barton,"b'RT @parscale: Meet the Three Stooges, the new impeachment \xe2\x80\x9cwitnesses\xe2\x80\x9d the Democrats are trotting out today to continue their impeachment ho\xe2\x80\xa6'"
"[32.82315945, -96.8401716174901]","Southwestern, USA",2019-12-04 17:07:16,Alexander D. Great One,"b'RT @AudreyStJames1: Gotta hand it to trump, according to Prof. Michael Gerhardt trump committed the perfect impeachable offense.  Well Done\xe2\x80\xa6'"
"[39.7837304, -100.4458825]",United States,2019-12-04 17:07:16,Deplorable Me,"b'RT @Liz_Wheeler: Pete Buttigieg: ""Anyone who supported this President is at best looking the other way on racism, at best.""\n\nAnd this is wh\xe2\x80\xa6'"
"[34.0536909, -118.2427666]","Los Angeles, CA",2019-12-04 17:07:16,Transnational Crime Syndicate Dismantler,"b""RT @emptywheel: Gerhardt is much better at answering questions than he was at delivering his testimony. He's now laying out how much obstru\xe2\x80\xa6"""
"[53.535411, -113.507996]","Edmonton, Alberta",2019-12-04 17:07:16,Irwin Mainway,"b""RT @nspector4: Trudeau's mocking of Trump is the worst foreign blunder of his prime ministership; worse even than India trip #cdnpoli"""
"[39.7837304, -100.4458825]",United States,2019-12-04 17:07:16,StandUpAgain!,b'RT @PuffingPassing: This is the man that Trump wanted Georgia Governor Kemp to appoint as senator\xf0\x9f\x98\x82  #collins #georgia #ImpeachingHearings h\xe2\x80\xa6'
"[39.7837304, -100.4458825]",United States,2019-12-04 17:07:16,Stephanie,"b'RT @ThePlumLineGS: It\'s time to ask whether Trump and his GOP defenders are realigning themselves with what you might call ""Putinism.""\n\nThi\xe2\x80\xa6'"
"[31.8160381, -99.5120986]","Texas, USA",2019-12-04 17:07:16,üá∫üá∏Constitutional Patriotüá∫üá∏,"b'RT @KelemenCari: Anyone listening, or even watching with the sound off, can tell that the reason the Democrats want to impeach President Tr\xe2\x80\xa6'"
"[52.8335879, -2.0707916]",The Battle Within,2019-12-04 17:07:16,Misneach,"b'Hmm, I wonder how far she is down the whistleblower Deep State rabbit hole.\nhttps://t.co/XYgebjuQfc'"
"[44.4308975, -89.6884637]","Wisconsin, USA",2019-12-04 17:07:16,Triathlon John,"b""@BKM13LA @AngelaBelcamino @realDonaldTrump @NATO It's a sign of pride.  And it's already been settled (in court) th\xe2\x80\xa6 https://t.co/I1mTSzPRTV"""
"[41.8755616, -87.6244212]","Chicago, IL",2019-12-04 17:07:16,Phillip Fuhrer,b'RT @iAmTheWarax: just throwing it out there that President Trump is exactly the sort of criminal that the Founders sought to protect us fro\xe2\x80\xa6'
"[40.0757384, -74.4041622]","New Jersey, USA",2019-12-04 17:07:16,irishgirl üçÄüåà üá∫üá∏ü¶Ö,b'RT @funder: My name is Doug Collins and I\xe2\x80\x99m gonna scream like a madman during the hearing so I can make Trump happy.'
"[33.7123305, -84.1051939]","Lithonia, GA",2019-12-04 17:07:16,Allen Lee Turner,"b""RT @AFP: #BREAKING Top Republican suggests Trump impeachment a 'partisan coup' https://t.co/BVn7DltICR"""
"[51.5395603, -2.596001]",All Over,2019-12-04 17:07:16,Public Defender,b'I always had a hard time with the simultaneous arguments some people were making that (1) America is a racist and s\xe2\x80\xa6 https://t.co/j52gbc6SO1'
"[51.5073219, -0.1276474]",London,2019-12-04 17:07:16,TE3187,"b""RT @IDontLikeNazis: @cedar1256 @SamHarrisOrg Sam doesn't pay attention to opposing viewpoints. He's got level 10 Trump Derangement Syndrome."""
"[37.5726028, -85.1551411]","Kentucky, USA",2019-12-04 17:07:16,Marica_17,"b'RT @BOOMER4K: Jonathan Turly may be the fairest human I have ever seen. A man that did not vote for Trump is defending not him, but us. The\xe2\x80\xa6'"
"[52.5001698, 5.7480821]",The Netherlands,2019-12-04 17:07:16,Teddy Redbones,b'@HumbleTeej Trump got bitched by a nigga that got caught three times doing blackface. Oh what a time to be alive.'
"[39.7837304, -100.4458825]",United States,2019-12-04 17:07:16,yaya2six,b'RT @Heidi_Cuda: VICTORY FOR HOUSE DEMS: \xe2\x80\x9cDeutsche Bank must turn over detailed documents about Trump\xe2\x80\x99s finances to two congressional commit\xe2\x80\xa6'
"[10.7500084, -75.0000086]",ATL,2019-12-04 17:07:16,CindyLouWho,"b""RT @CBSNews: Prof. Karlan explains why President Trump's demands on Ukraine constitute the impeachable offense of bribery https://t.co/5Pgb\xe2\x80\xa6"""
"[52.131802, -106.660767]","Saskatoon,SK Canada",2019-12-04 17:07:16,Geoff Brand,"b'RT @SheilaGunnReid: Trump is a blue collar billionaire who eats fast food. \n\nTrudeau is the lazy, catty, trust fund debutante who inherited\xe2\x80\xa6'"
"[39.5162234, -76.9382069]","Maryland, USA",2019-12-04 17:07:16,vikingsparrow‚è≥,b'RT @ZuZuQ5: What relevance do liberal professors opinions have to do in regards to the Ukraine call?\n#DoNothingDems #ShamPeachment \nIf I wa\xe2\x80\xa6'
"[42.5877962, -72.6006199]","Greenfield, USA",2019-12-04 17:07:16,Vee üíã,b'RT @JackPosobiec: BREAKING: Professor Turley just testified there is a lack of evidence to impeach Trump and instead an abundance of anger\xe2\x80\xa6'
"[40.7498243, -73.7976337]","Queens, NY",2019-12-04 17:07:16,kevingeiger77,b'RT @Thomas1774Paine: The House Intelligence Committee report released by chairman Rep. Adam Schiff (D-CA) on Tuesday cites no constitutiona\xe2\x80\xa6'
"[28.057586, -81.8580794031792]","Mi.,(Fussels Corner) Fl.",2019-12-04 17:07:16,kimszc üôèüôèüá∫üá∏üá∫üá∏üíãüíã curly hair Kim 2019 üôèMaga,b'RT @massimomessina1: Morons have little to mock. Europe is a disaster and the economies are anemic or failing. \n\n#Trump calls Canadian prim\xe2\x80\xa6'
"[29.4246002, -98.4951405]",San Antonio TX,2019-12-04 17:07:16,Julie Hunt,"b'RT @MaddowBlog: ""What we\'re going to see is that the framers of the Constitution had three particular concerns. A: abuse of power B: the be\xe2\x80\xa6'"
"[33.3062223, -111.8413317]","Chandler, AZ",2019-12-04 17:07:15,Porter,"b'RT @LizRNC: Why are Democrats afraid to ask Professor Turley a question?\n\nIf their case is so ""iron-clad,"" certainly it should be able to w\xe2\x80\xa6'"
"[40.2253569, -82.6881395]","Ohio, USA",2019-12-04 17:07:15,MSDEB2U,"b""RT @GOPLeader: Democrats still don't get it\xe2\x80\x94they are pushing ahead with impeachment based on opinions from liberal law professors from coas\xe2\x80\xa6"""
"[39.7392364, -104.9848623]","Denver, CO",2019-12-04 17:07:15,Alex Bruning,b'Why are people so willing to put their loyalty to Trump over their loyalty to this country?'
"[38.5276531, -2.3324983]",Western Canada - BC & AB,2019-12-04 17:07:15,T M,"b""RT @CTVNews: #BREAKING news: Trump calls Trudeau 'two-faced' after candid video  https://t.co/z02Keezg6w"""
"[36.7014631, -118.7559974]","California, USA",2019-12-04 17:07:15,Doesn‚Äôt matter,"b""RT @SethAbramson: What Turley just did is gaslight America, telling those of us seeking to uphold rule of law that we're just acting hyster\xe2\x80\xa6"""
"[4.81804785, -75.6888617199333]",AMERICA ,2019-12-04 17:07:15,KATHY HOUSEMAN,"b""R-GA\xf0\x9f\x8d\x91 CALL THE REP. COLLINS GET THEM, AND HE BROUGHT IT UP THEY'VE BEEN TALKING ABOUT IMPEACHMENT SINCE PRESIDENT T\xe2\x80\xa6 https://t.co/pQigQmuvjM"""
"[42.831974, -78.797511]",New York ‚Ä¢ Washington ‚Ä¢ Tampa,2019-12-04 17:07:15,carole king,b'RT @lrozen: Eisen plays a clip of Trump on WH lawn saying article 2 of constitution says he can do whatever he wants. Feldman says it struc\xe2\x80\xa6'
"[40.0796606, -89.4337288]",Illinois,2019-12-04 17:07:15,Man w/o a Plan,"b'Is the ""Phase 2"" of Trump\'s physical ever going to happen?'"
"[39.7837304, -100.4458825]",United States,2019-12-04 17:07:15,BXNY183GC,"b'RT @RepLeeZeldin: Congrats to the professors who won the Dems\xe2\x80\x99 nationwide talent search for the most elitist, unhinged anti-Trump professor\xe2\x80\xa6'"
"[29.2138338, -81.1216019]",somewhere in the USA,2019-12-04 17:07:15,HerculesASAMom,b'RT @TimMurtaugh: Just a reminder that the lawyer hired to handle the questioning for Democrats was making impeachment jokes before Presiden\xe2\x80\xa6'
"[41.5051613, -81.6934446]",Cleveland ohio,2019-12-04 17:07:15,Joseph A Dufour,"b""@Msb00mbastick @ScarletAvengers @KamalaHarris @TulsiGabbard I'm still undecided who I'm going to vote for...But wit\xe2\x80\xa6 https://t.co/9NnMIKPwum"""
"[35.2048883, -92.4479108]","Arkansas, USA",2019-12-04 17:07:15,"Rebecca Lea Sherman, EBMS, BA, AAS","b'RT @ABC: ""President Trump has committed impeachable high crimes and misdemeanors by corruptly abusing the office of the presidency.""\n\nWatch\xe2\x80\xa6'"
"[-122.355038, 37.512567]","San Mateo, CA",2019-12-04 17:07:15,Jeff LaMont,b'@robreiner Well said. tRump has been running a criminal enterprise his whole life. He has continued to do so from t\xe2\x80\xa6 https://t.co/HaL4AWhNHi'
"[31.5656079, 74.3141775]","Lahore, Pakistan",2019-12-04 17:07:15,Izah.,"b'RT @_nervecenter: ""Pete is up against three highly popular candidates. However, if he wins in Iowa and New Hampshire, the tide in the democ\xe2\x80\xa6'"
"[53.966367, -122.832321]",Front Porch of Infinity,2019-12-04 17:07:15,#removetRumpNOW #fbr üåä,"b""@Delavegalaw But Turley's dog is mad.\n\nTrump is cheering somewhere on his potty. https://t.co/7ZzWZ6x3Te"""
"[43.255205, -79.868202]","Hamilton, Ontario",2019-12-04 17:07:15,Chris Marshall,b'@darlingcrayon @AwesomeCanadad @CTVCalgary You wish we had trump because you dont want a 12 year old teenager ?'
"[36.7014631, -118.7559974]",California,2019-12-04 17:07:15,Laffy,"b'RT @KlasfeldReports: After @NormEisen rolls tape on footage of Trump saying Article II of the Constitution means, ""I have the right to do w\xe2\x80\xa6'"
"[38.8948932, -77.0365529]","Washington, USA",2019-12-04 17:07:15,Frank,"b'RT @rolandscahill: Next time Trump faces the public, rather than booing him, everyone should laugh at him'"
"[45.6735384, -66.6845417]","Tracy, CA",2019-12-04 17:07:15,Dannielle Scott,"b'RT @SethAbramson: Why is no one noting that Trump, Pompeo, Giuliani, Nunes, Solomon, Parnas, Lutsenko, and Fruman began their plotting AT A\xe2\x80\xa6'"
"[36.7014631, -118.7559974]",California,2019-12-04 17:07:15,Michael Greer,b'RT @GA_peach3102: Pelosi needs to be slapped back down to reality &amp; told she\xe2\x80\x99s not PRESIDENT!\nShe obviously thinks she is because she told\xe2\x80\xa6'
"[39.7837304, -100.4458825]",USA,2019-12-04 17:07:15,"Truly I am ""OK BOOMER"" - GEN X üòÅ","b""@RealKiraDavis @realDonaldTrump See, this is me. I'm not a huge fan of Trump. I've never cared for him. However, he\xe2\x80\xa6 https://t.co/ZKLJuvdMnN"""
"[39.7837304, -100.4458825]",United States,2019-12-04 17:07:15,Cheesy_mustard_sandwich,b'@BrandiKruse @Q13FOX Definitely voting trump 2020'
"[34.395342, -111.7632755]",Arizona USA,2019-12-04 17:07:15,Sharon Andreas,"b'RT @_ItsJustAsia_: What do world leaders gossip about when they get together?\n\nWhy, Trump, of course. What else?\n\n#TwoFacedTrudeau #TrumpIs\xe2\x80\xa6'"
"[42.291707, -85.5872286]","Kalamazoo, MI",2019-12-04 17:07:15,Nicole Miller,"b'It doesn\'t take a genius to figure out what\'s behind this ""surprise"" visit by Pence today in Kzoo.  Conveniently pl\xe2\x80\xa6 https://t.co/uIfkpXKruc'"
"[39.7837304, -100.4458825]",US,2019-12-04 17:07:15,Nicky T,b'RT @mayawiley: This is an example of using facts to illustrate this the acts are #impeachable. We need more of the fact record applied to t\xe2\x80\xa6'
"[31.8160381, -99.5120986]","Texas, USA",2019-12-04 17:07:15,"üí•Winning,Sylviaüí•‚ù§Ô∏èTrumpüöÇ!!!üá∫üá∏ 1st!!!","b""RT @kaylow77: @michaelbeatty3 @realDonaldTrump I think he's high"""
"[24.9232505, 66.9977742]",Metroville,2019-12-04 17:07:15,EG Persists üåäüá∫üá≤,b'RT @immelza: @RepBrianFitz 2nd in command FBI Anti Corruption Unit Kyiv in 2015\n\n#Ukraine Caucus &amp; @HouseForeignGOP \n\nStands with Trump who\xe2\x80\xa6'
"[43.9792797, -120.737257]",Oregon,2019-12-04 17:07:14,finafyr,"b'RT @girlsreallyrule: BREAKING: After calling Trudeau two-faced in his most recent press conference for mocking him the night before, Trump\xe2\x80\xa6'"
"[38.0409144, -122.6199638]","Marin County, Ca",2019-12-04 17:07:14,Nancy Sharp,"b'RT @MotherJones: ""President Trump has committed impeachable high crimes and misdemeanors,"" expert testifies https://t.co/k5whsSHhNC'"
"[33.1976496, -96.6154471]","McKinney, TX",2019-12-04 17:07:14,Marine7494,"b'RT @johncardillo: From 2016 until February 11, 2019 Norm Eisen was co-counsel on litigation in New York and Maryland federal courts (CREW v\xe2\x80\xa6'"
"[33.7690164, -118.1916048]",Long Beach,2019-12-04 17:07:14,SLD,b'RT @rulajebreal: I covered many Int\xe2\x80\x99l summits &amp; I\xe2\x80\x99ve never seen a leader debasing his country as Trump did today-not even Berlusconi displa\xe2\x80\xa6'
"[42.3788774, -72.032366]","Massachusetts, USA",2019-12-04 17:07:14,DAEM,b'RT @charliekirk11: I thought Democrats were going to impeach Trump for bribery?\n\nBut the Schiff impeachment report makes no mention of brib\xe2\x80\xa6'
"[37.1232245, -78.4927721]",Virginia USA,2019-12-04 17:07:14,oldenuf2nobtr,b'RT @tribelaw: #PamKarlan was awesome. Her focus on the right to vote was spot on: she alone explained how Trump\xe2\x80\x99s abuses of power threatens\xe2\x80\xa6'
"[43.1561681, -75.8449946]",NY,2019-12-04 17:07:14,Uncle Jeff,"b'RT @evanmcmurry: Constitutional scholar Noah Feldman: ""If we cannot impeach a president who abuses his office for personal advantage, we no\xe2\x80\xa6'"
"[25.7742658, -80.1936589]","Miami, FL",2019-12-04 17:07:14,Rebecca Perich,"b'RT @JoshuaPotash: Every time Trump goes to the UK he is met with massive protests, like this one.\n\nAnd we cannot afford to let England out-\xe2\x80\xa6'"
"[50.2238758, -119.2297404]","Coldstream, British Columbia",2019-12-04 17:07:14,Sam I Am,b'RT @Bez: trump only hates trudeau because he\xe2\x80\x99s jealous https://t.co/eMWxey1FkW'
"[39.7837304, -100.4458825]",United States,2019-12-04 17:07:14,RobinC,"b""RT @Public_Citizen: -Trump tax cut for the super rich: $1,500,000,000,000\n\n-Trump food stamp cuts: $4,200,000,000\n\nThis administration's gi\xe2\x80\xa6"""
"[39.7837304, -100.4458825]",United States,2019-12-04 17:07:14,Mario Garcia,b'RT @poetWOAgun: Prof Karlan has rehearsed her SCRIPT to where she SOUNDS FAKE like a bad CHILD ACTOR on the Brady Bunch\nWith such funny ent\xe2\x80\xa6'
"[51.262826, -1.0861976]","Basingstoke, England",2019-12-04 17:07:14,kathyfowler,b'RT @SkyeCity_: Number of people declared bankrupt due to medical bills each year:\n\nCanada - 0\nFrance - 0\nThe Netherlands - 0\nSwitzerland -\xe2\x80\xa6'
"[51.5073219, -0.1276474]",London,2019-12-04 17:07:14,Robert Hutton,"b'President Who? I have written about Boris Johnson\'s curious inability to say the word ""Trump"".  https://t.co/r0xZd8hDmT'"
"[39.7837304, -100.4458825]",USA,2019-12-04 17:07:14,what-a-sky,b'RT @TheOfficerTatum: These Democrats are put of control!!\n\nThey hold a hearing with 4 professors\n\nThey only question 3 that blatantly hate\xe2\x80\xa6'
"[-21.5344115, -42.6376239746393]",Texas Est. 1836,2019-12-04 17:07:14,LoneStarDad‚≠êÔ∏è‚≠êÔ∏è‚≠êÔ∏è,b'RT @RepMarkMeadows: Democrats are holding a national T.V. hearing to ask three liberal law professors why President Trump should be impeach\xe2\x80\xa6'
"[40.85172235, -73.0992188219997]","Long Island, NY",2019-12-04 17:07:14,Deplorable Island,"b'RT @parscale: Meet the Three Stooges, the new impeachment \xe2\x80\x9cwitnesses\xe2\x80\x9d the Democrats are trotting out today to continue their impeachment ho\xe2\x80\xa6'"
"[32.198889, -110.8237017]",Arizona And Wisconsin,2019-12-04 17:07:14,mikesellers(-:,b'RT @GerhardtJvdM: The clock and calendar are driving the #Trump impeachment not the facts!'
"[32.7762719, -96.7968559]","Dallas, TX, USA",2019-12-04 17:07:14,Jessica Shortall üßÇ,b'But Congressional Republicans agree with this statement*\n\n*applies to Trump only https://t.co/yUBOMy5iyR'
"[53.4794892, -2.2451148]","Manchester, England",2019-12-04 17:07:14,hermione,b'RT @deadpoetlive: CORBYN/SANDERS - 2020\n\nHope\n\nDiplomacy \n\nAdult discussion\n\nPeace \n\nSanity\n\nJOHNSON/TRUMP - 2020\n\nLies\n\nConflict\n\nSelling\xe2\x80\xa6'
"[61.0666922, -107.9917071]",Ca,2019-12-04 17:07:14,SuccessAffiliates,b'RT @DonaldJTrumpJr: Judiciary Committee continues impeachment witch hunt \xe2\x80\x93 But Trump did nothing wrong on Ukraine | Fox News https://t.co/r\xe2\x80\xa6'
"[21.2160437, -157.975203]","Hawaii, USA",2019-12-04 17:07:14,Brad Starks,"b'RT @riotwomennn: Jonathan Turley is an anti-Obama Fox News / Republican entertainer &amp; propagandist\n\nHe called AG Eric Holder a ""sin eater,""\xe2\x80\xa6'"
"[40.7127281, -74.0060152]","New York, USA",2019-12-04 17:07:14,Jaysis H,b'Trump%20impeachment%20inquiry%3A%20A%20grave%20charge%20and%20a%20momentous%20turn%20-%20CNNPolitics https%3A%2F%\xe2\x80\xa6 https://t.co/mntjjbRFej'
"[41.5910641, -93.6037149]","Des Moines, IA",2019-12-04 17:07:14,R Bert Waters,b'RT @PaulWestonEden: The chips are down. \n\nVote Trump for victory. https://t.co/ybT0n713Zr https://t.co/SRz9YfCiXm'
"[41.5051613, -81.6934446]","CLEVELAND, OHIO",2019-12-04 17:07:14,linda m,"b""@girlsreallyrule @Maltomash Seems he is a paid witness. He sat on Clinton's impeachment but thinks trump's is lowering the bar?"""
"[33.561968, -86.798814]",Huntsville Al,2019-12-04 17:07:14,Sgt Bill Cody,"b""RT @watspn1013: Schiftty gets Trump\xe2\x80\x99s  attorney Rudy Giuliani's phone records! \n\nHe won\xe2\x80\x99t say how he obtained them either!\n\nILLEGALLY gotte\xe2\x80\xa6"""
"[35.000074, 104.999927]",china,2019-12-04 17:07:14,ShanghaiPanda,"b'@PnPCBC @JustinTrudeau @EmmanuelMacron @BorisJohnson @realDonaldTrump Haha, a humorous Canadian. I hope he has the\xe2\x80\xa6 https://t.co/XihNYNoMRb'"
"[54.7023545, -3.2765753]",UK,2019-12-04 17:07:14,Mary Novakovich,b'There are thundering sounds of helicopters as Trump flies over my house. I can feel the petulance from here.'
"[32.753177, -97.3327459]","Fort Worth, TX",2019-12-04 17:07:14,John Thomas,b'RT @EvanMcMullin: What @realDonaldTrump should understand about Trudeau being \xe2\x80\x9ctwo-faced\xe2\x80\x9d is that almost everyone around Trump\xe2\x80\x94even most of\xe2\x80\xa6'
"[49.2608724, -123.1139529]","Vancouver, British Columbia",2019-12-04 17:07:14,Wool Is Not Enough,"b""@RobynUrback And Trudeau and Freeland have insulted Trump before at summits. This will be the last straw. He's goin\xe2\x80\xa6 https://t.co/NGwCFVO2iO"""
"[39.7837304, -100.4458825]",United States,2019-12-04 17:07:14,üá∫üá∏ Beyond The Sea üá∫üá∏,"b'RT @LizRNC: Why are Democrats afraid to ask Professor Turley a question?\n\nIf their case is so ""iron-clad,"" certainly it should be able to w\xe2\x80\xa6'"
"[32.3293809, -83.1137366]","Georgia, USA",2019-12-04 17:07:14,Carol,"b'RT @RepLeeZeldin: Congrats to the professors who won the Dems\xe2\x80\x99 nationwide talent search for the most elitist, unhinged anti-Trump professor\xe2\x80\xa6'"
"[-79.0831529, 35.869376]",,2019-12-04 17:07:14,Justice,"b""@keithboykin I'm not sure if she read every transcript because Sondland said that Trump said I want nothing."""
"[39.7837304, -100.4458825]",United States,2019-12-04 17:07:13,JKF,"b'RT @mitchellvii: So Democrats trot out 3 ""legal; scholars"" who despise Trump to explain in a ""completely objective manner"" why Trump should\xe2\x80\xa6'"
"[54.5937131, -5.8146305]","Galway, Ireland and Western MA",2019-12-04 17:07:13,Mark Feinstein,b'RT @ladyhaja: The Queen chastising Princess Anne for not greeting Trump and Anne not giving a single shit is the mood we all need to take i\xe2\x80\xa6'
"[40.5834557, -74.1496048]",Staten island,2019-12-04 17:07:13,üåäJuicydee1 10/26üåä,"b'RT @kylegriffin1: Prof. Pamela Karlan: ""The Constitution of the U.S. does not care whether the next president of the U.S. is Donald J. Trum\xe2\x80\xa6'"
"[31.8160381, -99.5120986]","Texas, USA",2019-12-04 17:07:13,ivana (-:,b'RT @ufobri: forever 21 said fuck trump https://t.co/JaU4iBJ4Ct'
"[-37.6530777, 144.9021392]",NorCal,2019-12-04 17:07:13,Nancy RHM,"b""@OkeyMor57 @NGrossman81 You won't find anyone -- congresspeople, witnesses, media allies, aides/staffers, even his\xe2\x80\xa6 https://t.co/5zI0V8u5mq"""
"[42.9632405, -85.6678639]","Grand Rapids, Michigan",2019-12-04 17:07:13,Jerry Vis,b'RT @RaheemKassam: Norm Eisen (Dem Counsel) claims Trump \xe2\x80\x9casked for a favor\xe2\x80\x9d related to the Bidens.\n\nHe didn\xe2\x80\x99t. \n\nHe was asking about 2016 e\xe2\x80\xa6'
"[46.1519043, -96.1831165]",Western US,2019-12-04 17:07:13,James Cuetara,"b'RT @funder: One thing is clear from this hearing: Trump should absolutely, without a doubt, be impeached and removed immediately. Trump has\xe2\x80\xa6'"
"[39.7837304, -100.4458825]",US,2019-12-04 17:07:13,SojournerTruth,"b""RT @matthewamiller: I've never been sure whether Trump knows everyone laughs at him behind his back and is insecure about it or if the fog\xe2\x80\xa6"""
"[39.7837304, -100.4458825]",United States,2019-12-04 17:07:13,Precariat,"b""RT @Public_Citizen: -Trump tax cut for the super rich: $1,500,000,000,000\n\n-Trump food stamp cuts: $4,200,000,000\n\nThis administration's gi\xe2\x80\xa6"""
"[22.3511148, 78.6677428]",Indy,2019-12-04 17:07:13,President Trump #45,"b'RT @LizRNC: Why are Democrats afraid to ask Professor Turley a question?\n\nIf their case is so ""iron-clad,"" certainly it should be able to w\xe2\x80\xa6'"
"[48.4604571, -117.8299768]","Castle Rock, WA",2019-12-04 17:07:13,üá∫üá∏MAGAüá∫üá∏Beachgirlüá∫üá∏‚ùå‚≠ê‚≠ê‚≠ê,b'RT @BuckSexton: These impeachment \xe2\x80\x9cexperts\xe2\x80\x9d are actually saying that Trump committed treason with a phone call that was not illegal and res\xe2\x80\xa6'
"[56.7861112, -4.1140518]",Scotland,2019-12-04 17:07:13,avanti,"b'RT @PMckinstryl: Trudeau cringeworthy again. I hide my face. Gossiping and backstabbing Trump like a 10 yr old who wants to be in ""In crowd\xe2\x80\xa6'"
"[40.0361849, -80.5934078]",Ohio twilight zone,2019-12-04 17:07:13,Knowledge2Seek,b'RT @RawStory: \xe2\x80\x98Outright treason\xe2\x80\x99: Rick Wilson scorches Trump\xe2\x80\x99s \xe2\x80\x98suicide cult\xe2\x80\x99 of GOP defenders https://t.co/7Kv5itDpvL'
"[45.1895845, -88.73215845]",U.S,2019-12-04 17:07:13,AngeliQue4Liberty,"b'RT @Cr38ivCasey: Pelosi defies Trump policy at UN COP24 - ""We\'re still in.""\n\nUndermining the Presidential Policy in a foreign country shoul\xe2\x80\xa6'"
"[32.440277, -86.45216]","Yinzer, PA, USA",2019-12-04 17:07:13,Mister_Bill Resists,"b'RT @kylegriffin1: Prof. Pamela Karlan: ""The Constitution of the U.S. does not care whether the next president of the U.S. is Donald J. Trum\xe2\x80\xa6'"
"[51.8339209, -4.916667]","Sir Benfro, Cymru",2019-12-04 17:07:13,Dr Jen Llywelyn üè¥Û†ÅßÛ†Å¢Û†Å∑Û†Å¨Û†Å≥Û†Åø üá™üá∫ üè¥Û†ÅßÛ†Å¢Û†Å≥Û†Å£Û†Å¥Û†Åø,"b""RT @GirloftheN: Bonjour, mes Saboteurs. Rather enjoying Trump's being cut down to size, this trip. The leaders are barely concealing their\xe2\x80\xa6"""
"[-118.328804, 33.774937]",,2019-12-04 17:07:13,Helen Low,b'@IngrahamAngle Just bow to President Trump as you have been.'
"[39.7837304, -100.4458825]",United States,2019-12-04 17:07:13,Beverly Skaggs,b'These democrats are really out of control. What Trump Did By Talking to Ukraine  is not a high Crime. These people\xe2\x80\xa6 https://t.co/8rwa8vWCNP'
"[36.7014631, -118.7559974]",california,2019-12-04 17:07:13,our national shame,b'RT @Politics_PR: Trump held undisclosed meeting with Turkey\xe2\x80\x99s Erdogan at NATO https://t.co/vNvGfZaBXg https://t.co/wKv7W9Xn7a'
"[38.5671241, 68.7947829]",USSR,2019-12-04 17:07:13,Vlady Putinz,b'@Public_Citizen @DonCheadle Eek. Shrill and hysterical. Typical Marxist-leftist. Thank you for reminding us why we\xe2\x80\xa6 https://t.co/t46qGyyakm'
"[37.1232245, -78.4927721]","Virginia, USA",2019-12-04 17:07:13,Deplorable Veteran,"b'RT @DeepStateExpose: RETWEET! KIM CLEMENT PROPHESIZES TRUMP\'S FORECOMING PRESIDENCY &amp; WITCH HUNT: ""THEY WILL SHOUT IMPEACH, IMPEACH, BUT NA\xe2\x80\xa6'"
"[50.3211932, 8.7841524]","USA, Deutschland",2019-12-04 17:07:13,The Green Arrow,"b'RT @MSNBC: BREAKING: Georgia Gov. Kemp picks business executive Kelly Loeffler to fill US Senate seat, bypassing a pick favored by many Tru\xe2\x80\xa6'"
"[28.5421097, -81.3790388]","Orlando, FL",2019-12-04 17:07:13,Lues R Lopez,b'RT @osullivanauthor: Trump leaves the NATO summit because Trudeau mocked him.  \n\nHe mocks people all the time and then can\xe2\x80\x99t take it himsel\xe2\x80\xa6'
"[52.1343369, 4.6561357]",Alphen aan den Rijn. Netherlands,2019-12-04 17:07:13,Andr√© Verzaal,b'RT @ABC: Trump impeachment case enters historic next phase in House Judiciary Committee. https://t.co/10LGzJLfr8'
"[27.7567667, -81.4639835]",Florida,2019-12-04 17:07:13,Patti Coppersmith,"b""@crymeariver6666 Isn't he the yokel that Trump wanted the Governor of Georgia to appoint as a Senator?"""
"[38.8948932, -77.0365529]","Washington, USA",2019-12-04 17:07:13,Mary Fieser,"b""RT @GOPLeader: Democrats still don't get it\xe2\x80\x94they are pushing ahead with impeachment based on opinions from liberal law professors from coas\xe2\x80\xa6"""
"[6.158962, 8.614278]",GHANA || NIGERIA,2019-12-04 17:07:13,Emmanuel Offei,"b'RT @Doks_Art: This is my second portrait of President Trump. This time I really want him to see it. All done in ballpoint, took up to 70hou\xe2\x80\xa6'"
"[8.3886801, -13.1226076]",Western New York,2019-12-04 17:07:13,All Things Jennifer,"b'RT @girlsreallyrule: Prof. Pamela Karlan: ""The Constitution of the U.S. does not care whether the next president of the U.S. is Donald J. T\xe2\x80\xa6'"
"[39.7837304, -100.4458825]",United States,2019-12-04 17:07:13,Unbridled Spirit ‚≠ê‚≠ê‚≠ê,b'RT @thebradfordfile: Sample US Foreign Aid 2000-16:\n\nNigeria: $6.2 billion\n\nEthiopia: $11.7 billion\n\nJordan: $15.9 billion\n\nEgypt: $33.3 bi\xe2\x80\xa6'
"[40.2253569, -82.6881395]","Ohio, USA",2019-12-04 17:07:13,Handsome Badger,b'RT @FiveRights: .@Judgenap\nYou want to impeach Trump for not complying with a coup attempt?\nlol\nTDS has transformed you into a reprehensibl\xe2\x80\xa6'
"[39.7837304, -100.4458825]",USA,2019-12-04 17:07:13,Lisa,b'RT @TheOfficerTatum: These Democrats are put of control!!\n\nThey hold a hearing with 4 professors\n\nThey only question 3 that blatantly hate\xe2\x80\xa6'
"[43.7785272, -79.6731621]",On website. ,2019-12-04 17:07:13,JohnWood2011ü§ó,"b""RT @Malowski3: @billzinga @snarwani @StephenKalil &gt; Obama can't be president again.\n\nGenuine shame.\n\nThe above article just highlights what\xe2\x80\xa6"""
"[27.7101596, -82.7366658]",St Pete Fl,2019-12-04 17:07:13,MyDogSaysYoureADick.,b'RT @johncuccio3: bring it on A-Holes\nYou wish to perform a Coup?  This is gonna cost you big time for people are on to your bullshit\n\n63 mi\xe2\x80\xa6'
"[38.8948932, -77.0365529]","Washington, D.C.",2019-12-04 17:07:13,Baby Yoda Stan Account,"b'RT @ABC: Stanford Law School\'s Pamela Karlan: ""That\'s not politics as usual \xe2\x80\x94 at least not in the United States or not in any mature democr\xe2\x80\xa6'"
"[39.7392364, -104.9848623]","Denver, The CO",2019-12-04 17:07:13,DBtv,b'RT @funder: Just Trump asking for an investigation is an impeachable act.'
"[41.7962409, -71.5992372]",RI,2019-12-04 17:07:12,Tim Brown,"b'RT @HeidiNBC: All 4 const. law experts, even Turley, agree impeachment does NOT require a ""statutory crime.""\n\nEisen also cites Turley\'s rec\xe2\x80\xa6'"
"[40.0757384, -74.4041622]","New Jersey, USA",2019-12-04 17:07:12,Jazzey1,"b'RT @TheRickWilson: If Putin wanted to design a human wrecking ball to destroy NATO in a lab, he would design Donald Trump.\n\nOh. Wait. He ki\xe2\x80\xa6'"
"[39.0840054, -77.1527573]",Rockville Maryland ,2019-12-04 17:07:12,david h. sandler,b'RT @JackPosobiec: BREAKING: Professor Turley just testified there is a lack of evidence to impeach Trump and instead an abundance of anger\xe2\x80\xa6'
"[43.4849133, -71.6553992]","New Hampshire, USA",2019-12-04 17:07:12,magabob #MAGAveteren #KAG,b'RT @pushforward40: RETWEET PLEASE!\nI want to caution call Trump supporters and Anons to be careful who you follow! Something is coming soon\xe2\x80\xa6'
"[40.0757384, -74.4041622]","New Jersey, USA",2019-12-04 17:07:12,Patty Georgia,b'RT @HillaryClinton: Every American should read the evidence for themselves in the House\xe2\x80\x99s impeachment inquiry report.\n\nIt catalogues \xe2\x80\x9ca mon\xe2\x80\xa6'
"[40.2253569, -82.6881395]",ohio,2019-12-04 17:07:12,hillalexanderp- Still Pissed...,b'RT @tomandsus33: Roger Stone Becomes 6th Trump Associate Convicted Under Mueller Probe https://t.co/yqciVhxAdP'
"[40.6501038, -73.9495823]","Brooklyn, NY",2019-12-04 17:07:12,shaivon Cherry,b'RT @travisakers: President Trump has canceled his afternoon NATO press conference and is leaving the summit early after a video emerged of\xe2\x80\xa6'
"[39.7837304, -100.4458825]",USA,2019-12-04 17:07:12,üá∫üá∏TJüá∫üá∏,b'RT @BuckSexton: These impeachment \xe2\x80\x9cexperts\xe2\x80\x9d are actually saying that Trump committed treason with a phone call that was not illegal and res\xe2\x80\xa6'
"[40.0796606, -89.4337288]","Illinois, USA",2019-12-04 17:07:12,JIMüÖ±üÖæ,b'RT @ScottMGreer: Shocked a Harvard law professor would support Trump\xe2\x80\x99s impeachment. \n\nTime to hand over power to them https://t.co/ArTOU9tc\xe2\x80\xa6'
"[39.7837304, -100.4458825]",United States,2019-12-04 17:07:12,LOWer IQ MAXINE,"b'RT @RepMarkWalker: Meet Noah Feldman, House Democrats first partisan witness.\n\nLook at the date of this tweet. He has been trying to get @r\xe2\x80\xa6'"
"[43.9792797, -120.737257]","Oregon, USA",2019-12-04 17:07:12,Jennifer Marie,"b'RT @kylegriffin1: Prof. Pamela Karlan: ""The Constitution of the U.S. does not care whether the next president of the U.S. is Donald J. Trum\xe2\x80\xa6'"
"[36.8529841, -75.9774183]","Virginia Beach, VA",2019-12-04 17:07:12,Syn,"b'RT @AdamBaldwin: The only reason they\xe2\x80\x99re attempting this is not removal from office, but to punish him for winning the 2016 election and fo\xe2\x80\xa6'"
"[38.6772691, -87.5286325]","Vincennes, IN",2019-12-04 17:07:12,Dave millsap,b'RT @RaheemKassam: Norm Eisen (Dem Counsel) claims Trump \xe2\x80\x9casked for a favor\xe2\x80\x9d related to the Bidens.\n\nHe didn\xe2\x80\x99t. \n\nHe was asking about 2016 e\xe2\x80\xa6'
"[41.8755616, -87.6244212]","Chicago, Illinois",2019-12-04 17:07:12,Christine Caston,"b'RT @KlasfeldReports: Chairman Nadler notes that Clinton ""physically gave his blood"" to comply with his impeachment proceedings, but Trump w\xe2\x80\xa6'"
"[53.8217327, -61.2295532]",Newfoundland and Labrador,2019-12-04 17:07:12,Courtney Kean,b'RT @BettyBowers: The future King of England flipped off Donald J. Trump today. https://t.co/Odakp3trpN'
"[37.7792808, -122.4192363]","San Francisco, California",2019-12-04 17:07:12,Mars,"b'RT @funder: Professor Karlan just called out Doug Collins for his lies, then made it clear while staring at him that Trump abused his power\xe2\x80\xa6'"
"[51.1763227, 1.2468642]","Coldred, England",2019-12-04 17:07:12,Christine Frame,"b""RT @Channel4News: \xe2\x80\x9cWhen you\xe2\x80\x99re dealing in trade, everything is on the table. So NHS or anything else.\xe2\x80\x9d\n\n- Trump, June 2019\n\n\xe2\x80\x9cI don't even k\xe2\x80\xa6"""
"[40.2253569, -82.6881395]",Ohio,2019-12-04 17:07:12,"ùó°ùóÆùòÅùóµùóÆùóª ùóóùó∂ùó∞ùó∏ùòÄùóºùóª, coder, songs, music, grumpy","b'RT @TalbertSwan: Trump is NOT:\n\nThe Chosen One\nGod\xe2\x80\x99s Anointed\nSent by God\nA King\nThe Second Coming\nThe Messiah\n\nHe\xe2\x80\x99s a vile, unrepentant, l\xe2\x80\xa6'"
"[34.395342, -111.7632755]","Arizona, USA",2019-12-04 17:07:12,Dick Xaivier,"b'RT @thehill: Fox News legal analyst says Trump\'s obstruction ""easiest"" impeachment offense for Democrats to target https://t.co/H06Iwmlz7M\xe2\x80\xa6'"
"[27.7567667, -81.4639835]","Florida, USA",2019-12-04 17:07:12,Taffy,"b'RT @kylegriffin1: Prof. Pamela Karlan: ""Put simply, a candidate for president should resist foreign interference in our elections, not dema\xe2\x80\xa6'"
"[40.03813, -76.3056686]","Lancaster, PA",2019-12-04 17:07:12,Nate Bomberger,"b'RT @ewarren: Donald Trump is pushing out talented diplomats, hollowing out the State Department, and appointing his own donor buddies to be\xe2\x80\xa6'"
"[61.0666922, -107.9917071]",Canada,2019-12-04 17:07:12,SHOOTERS FOR WEN NING,b'RT @kjisrosie: not sehun saying that he became scared of aging after meeting trump\xf0\x9f\x98\xad\xf0\x9f\x98\xad'
"[39.7837304, -100.4458825]",United States,2019-12-04 17:07:12,Stop the Madness!,"b'RT @PhilippeReines: Republicans: Professor Turley, you\xe2\x80\x99re our witness. We called you. Should trump should be impeached?\n\nTurley: We haven\xe2\x80\x99t\xe2\x80\xa6'"
"[31.8160381, -99.5120986]","Texas, USA",2019-12-04 17:07:12,HelenMcada,"b'RT @parscale: Meet the Three Stooges, the new impeachment \xe2\x80\x9cwitnesses\xe2\x80\x9d the Democrats are trotting out today to continue their impeachment ho\xe2\x80\xa6'"
"[46.0131505, -112.5365089]","Butte, MT",2019-12-04 17:07:12,Debbie Schultz,b'RT @deenie7940: Trump Says WaPo Misquoted AG Barr in Article Claiming He Doubts Inspector General\xe2\x80\x99s Findings https://t.co/DlBDWdokBs'
"[39.4562528, -77.9639604]","Martinsburg, WV",2019-12-04 17:07:12,CHANDRIKA,"b'RT @markknoller: After kids serenaded her with ""All I Want for Christmas is You,"" Mrs Trump presented them with ornaments from her ""Be Best\xe2\x80\xa6'"
"[40.0757384, -74.4041622]","New Jersey, USA",2019-12-04 17:07:12,Bill Guida,b'@too2_i @Marco15Trump @RepAdamSchiff Trump 2020!!\xf0\x9f\x87\xba\xf0\x9f\x87\xb8'
"[42.3602534, -71.0582912]",Boston,2019-12-04 17:07:12,Paul Delaney,b'The Two Possible Paths that #Pelosi Is Likely to Take In The Schiff Sham #Impeachment of President #Trump https://t.co/VpAGhfMTHe'
"[42.7757597, -9.0835504]",Taxes,2019-12-04 17:07:11,oconnor wilson Stocks Trader,"b'RT @CBS_Herridge: WATCH: This is WHY  @realDonaldTrump is already looking ahead to broader report on origins FBI\xe2\x80\x99s Russia probe and, latest\xe2\x80\xa6'"
"[39.0017772, -76.6874671]","Crofton, MD",2019-12-04 17:07:11,Steve Cramer,b'RT @letsberealppl2: Summary of today\xe2\x80\x99s hearings: We Dems hate Trump really really bad. He\xe2\x80\x99s all we can think about. We are consumed with ha\xe2\x80\xa6'
"[48.6358559, -1.5126096]","Mont Saint-Michel, France",2019-12-04 17:07:11,davealvord164,b'RT @EpochTimes: The Trump admin is set to announce changes to the federal #FoodStamp program that would strengthen eligibility requirements\xe2\x80\xa6'
"[39.4225192, -111.7143584]","Utah, USA",2019-12-04 17:07:11,ùï±ùñéùñäùñâùñëùñäùñä,b'RT @thebradfordfile: Barack Obama weaponized the federal government against his enemies and spied on Trump.\n\nHillary Clinton ran a $2.5 bil\xe2\x80\xa6'
"[42.4393707, -123.3272489]","Grants Pass, OR",2019-12-04 17:07:11,üåä‚òÆÔ∏èBornAgainTreeHugger‚òÆÔ∏èüåä,"b""RT @kylegriffin1: Breaking via CNBC: A federal appeals court has ruled that Deutsche Bank and Capital One can hand over years of Trump's fi\xe2\x80\xa6"""
"[51.5073219, -0.1276474]","London, England",2019-12-04 17:07:11,EU is Our Future #FBPE üï∑üé™üá¨üáßüá™üá∫,b'RT @Wera_Hobhouse: Under @BorisJohnson a #nodealbrexit could easily happen. \nWe have to ask ourselves:\n\n\xf0\x9f\x91\x89How many of us can afford to gambl\xe2\x80\xa6'
"[39.7837304, -100.4458825]",United States,2019-12-04 17:07:11,Mom,"b""RT @reubing: Don't you just love it when radical leftist professors quote Ronald Reagan to get at President Trump?"""
"[40.7795455, -74.0237512]",Union City NJ,2019-12-04 17:07:11,Teel James Glenn,b'no one ever took him seriously-- that is the problem....he is a menace. https://t.co/cjJgnBwdWl'
"[37.6624312, -121.8746789]","Pleasanton, CA",2019-12-04 17:07:11,Larry Brumm,"b""RT @GOPLeader: Democrats still don't get it\xe2\x80\x94they are pushing ahead with impeachment based on opinions from liberal law professors from coas\xe2\x80\xa6"""
"[39.7837304, -100.4458825]",United States,2019-12-04 17:07:11,Howling Mad Murdock Resistsüåä,b'RT @AMHotFlash: PLEASE make a phone call for the IMPEACHMENT of Donald TRUMP. Call Representative Ted Lieu at (202) 225-3976. Your voice is\xe2\x80\xa6'
"[42.5584264, -71.268947]","Billerica, MA",2019-12-04 17:07:11,Anand C. Patel,"b'RT @ShimonPro: About that -1 call that the FBI reviewed that showed up on Roger Stone\xe2\x80\x99s phone records, it was from Trump\xe2\x80\x99s home phone. Here\xe2\x80\xa6'"
"[45.6306954, -122.6744557]",Vancouver Washington,2019-12-04 17:07:11,Joey Fleming,"b""RT @RBReich: Who really benefited from Trump's tax cuts?\n \nPfizer --&gt;\nDonations to GOP: $16M\nTax cut received: $39B\n \nGE --&gt;\nDonations to G\xe2\x80\xa6"""
